ProcessName,SubjectUserName,@timestamp,host,Hostname,EventID,SubjectLogonId,ProcessId,LogonType,TargetLogonId,WorkstationName,IpAddress,TargetUserName,PrivilegeList,CommandLine,ParentProcessName,NewProcessId,is_remote_logon,was_elevated
C:\Windows\System32\services.exe,SCRANTON$,2020-05-02 03:20:01.052000+00:00,wec.internal.cloudapp.net,SCRANTON.dmevals.local,4624,0x3e7,0x2e0,5.0,0x3e7,-,-,SYSTEM,,,,,False,True
C:\Windows\System32\services.exe,SCRANTON$,2020-05-02 03:20:01.053000+00:00,wec.internal.cloudapp.net,SCRANTON.dmevals.local,4624,0x3e7,0x2e0,5.0,0x3e7,-,-,SYSTEM,,,,,False,True
C:\Windows\System32\services.exe,SCRANTON$,2020-05-02 03:20:02.097000+00:00,wec.internal.cloudapp.net,SCRANTON.dmevals.local,4624,0x3e7,0x2e0,5.0,0x3e7,-,-,SYSTEM,,,,,False,True
C:\Windows\System32\services.exe,SCRANTON$,2020-05-02 03:20:07.529000+00:00,wec.internal.cloudapp.net,SCRANTON.dmevals.local,4624,0x3e7,0x2e0,5.0,0x3e7,-,-,SYSTEM,,,,,False,True
-,-,2020-05-02 03:20:07.536000+00:00,wec.internal.cloudapp.net,SCRANTON.dmevals.local,4624,0x0,0x0,3.0,0xa5a07,-,-,SCRANTON$,,,,,True,True
C:\Windows\System32\services.exe,SCRANTON$,2020-05-02 03:20:08.003000+00:00,wec.internal.cloudapp.net,SCRANTON.dmevals.local,4624,0x3e7,0x2e0,5.0,0x3e7,-,-,SYSTEM,,,,,False,True
-,-,2020-05-02 03:20:15.313000+00:00,wec.internal.cloudapp.net,NEWYORK.dmevals.local,4624,0x0,0x0,3.0,0x61e8e4,-,::1,NEWYORK$,,,,,True,True
C:\Windows\System32\services.exe,SCRANTON$,2020-05-02 03:20:15.318000+00:00,wec.internal.cloudapp.net,SCRANTON.dmevals.local,4624,0x3e7,0x2e0,5.0,0x3e7,-,-,SYSTEM,,,,,False,True
C:\Windows\System32\services.exe,SCRANTON$,2020-05-02 03:21:16.348000+00:00,wec.internal.cloudapp.net,SCRANTON.dmevals.local,4624,0x3e7,0x2e0,5.0,0x3e7,-,-,SYSTEM,,,,,False,True
C:\Windows\System32\services.exe,SCRANTON$,2020-05-02 03:21:16.401000+00:00,wec.internal.cloudapp.net,SCRANTON.dmevals.local,4624,0x3e7,0x2e0,5.0,0x3e7,-,-,SYSTEM,,,,,False,True
C:\Windows\System32\services.exe,SCRANTON$,2020-05-02 03:21:18.650000+00:00,wec.internal.cloudapp.net,SCRANTON.dmevals.local,4624,0x3e7,0x2e0,5.0,0x3e7,-,-,SYSTEM,,,,,False,True
C:\Windows\System32\services.exe,SCRANTON$,2020-05-02 03:21:22.156000+00:00,wec.internal.cloudapp.net,SCRANTON.dmevals.local,4624,0x3e7,0x2e0,5.0,0x3e7,-,-,SYSTEM,,,,,False,True
C:\Windows\System32\services.exe,SCRANTON$,2020-05-02 03:21:23.329000+00:00,wec.internal.cloudapp.net,SCRANTON.dmevals.local,4624,0x3e7,0x2e0,5.0,0x3e7,-,-,SYSTEM,,,,,False,True
-,-,2020-05-02 03:17:56.833000+00:00,wec.internal.cloudapp.net,NEWYORK.dmevals.local,4624,0x0,0x0,3.0,0x61a7dc,-,::1,NEWYORK$,,,,,True,True
C:\Windows\System32\services.exe,SCRANTON$,2020-05-02 03:18:29.122000+00:00,wec.internal.cloudapp.net,SCRANTON.dmevals.local,4624,0x3e7,0x2d0,5.0,0x3e7,-,-,SYSTEM,,,,,False,True
C:\Windows\System32\services.exe,SCRANTON$,2020-05-02 03:18:34.323000+00:00,wec.internal.cloudapp.net,SCRANTON.dmevals.local,4624,0x3e7,0x2d0,5.0,0x3e7,-,-,SYSTEM,,,,,False,True
-,-,2020-05-02 03:18:56.533000+00:00,wec.internal.cloudapp.net,NEWYORK.dmevals.local,4624,0x0,0x0,3.0,0x61c4fe,-,::1,NEWYORK$,,,,,True,True
-,-,2020-05-02 03:19:13.643000+00:00,wec.internal.cloudapp.net,NEWYORK.dmevals.local,4624,0x0,0x0,3.0,0x61cd4a,-,10.0.1.4,SCRANTON$,,,,,True,False
-,-,2020-05-02 03:19:13.644000+00:00,wec.internal.cloudapp.net,NEWYORK.dmevals.local,4624,0x0,0x0,3.0,0x61cd79,-,10.0.1.4,SCRANTON$,,,,,True,False
-,-,2020-05-02 03:19:13.647000+00:00,wec.internal.cloudapp.net,NEWYORK.dmevals.local,4624,0x0,0x0,3.0,0x61cd98,-,10.0.1.4,SCRANTON$,,,,,True,False
-,-,2020-05-02 03:19:13.647000+00:00,wec.internal.cloudapp.net,NEWYORK.dmevals.local,4624,0x0,0x0,3.0,0x61cdad,-,10.0.1.4,SCRANTON$,,,,,True,False
-,-,2020-05-02 03:19:13.647000+00:00,wec.internal.cloudapp.net,NEWYORK.dmevals.local,4624,0x0,0x0,3.0,0x61cdc2,-,10.0.1.4,SCRANTON$,,,,,True,False
-,-,2020-05-02 03:19:13.648000+00:00,wec.internal.cloudapp.net,NEWYORK.dmevals.local,4624,0x0,0x0,3.0,0x61cde0,-,10.0.1.4,SCRANTON$,,,,,True,False
-,-,2020-05-02 03:19:14.660000+00:00,wec.internal.cloudapp.net,NEWYORK.dmevals.local,4624,0x0,0x0,3.0,0x61ce00,-,10.0.1.4,SCRANTON$,,,,,True,False
-,-,2020-05-02 03:19:14.661000+00:00,wec.internal.cloudapp.net,NEWYORK.dmevals.local,4624,0x0,0x0,3.0,0x61ce24,-,10.0.1.4,SCRANTON$,,,,,True,False
-,-,2020-05-02 03:19:14.671000+00:00,wec.internal.cloudapp.net,NEWYORK.dmevals.local,4624,0x0,0x0,3.0,0x61cea0,-,10.0.1.4,SCRANTON$,,,,,True,False
-,-,2020-05-02 03:19:15.703000+00:00,wec.internal.cloudapp.net,NEWYORK.dmevals.local,4624,0x0,0x0,3.0,0x61d0bd,-,10.0.1.4,SCRANTON$,,,,,True,False
-,-,2020-05-02 03:19:15.704000+00:00,wec.internal.cloudapp.net,NEWYORK.dmevals.local,4624,0x0,0x0,3.0,0x61d0da,-,10.0.1.4,SCRANTON$,,,,,True,False
-,-,2020-05-02 03:19:15.706000+00:00,wec.internal.cloudapp.net,NEWYORK.dmevals.local,4624,0x0,0x0,3.0,0x61d0f6,-,10.0.1.4,SCRANTON$,,,,,True,False
-,-,2020-05-02 03:19:16.705000+00:00,wec.internal.cloudapp.net,NEWYORK.dmevals.local,4624,0x0,0x0,3.0,0x61d14a,-,10.0.1.4,SCRANTON$,,,,,True,False
-,-,2020-05-02 03:19:24.921000+00:00,wec.internal.cloudapp.net,NEWYORK.dmevals.local,4624,0x0,0x0,3.0,0x61d439,-,10.0.1.4,SCRANTON$,,,,,True,False
-,-,2020-05-02 03:19:24.924000+00:00,wec.internal.cloudapp.net,NEWYORK.dmevals.local,4624,0x0,0x0,3.0,0x61d454,-,10.0.1.4,SCRANTON$,,,,,True,False
-,-,2020-05-02 03:19:24.924000+00:00,wec.internal.cloudapp.net,NEWYORK.dmevals.local,4624,0x0,0x0,3.0,0x61d468,-,10.0.1.4,SCRANTON$,,,,,True,False
,-,2020-05-02 03:19:27.116000+00:00,wec.internal.cloudapp.net,SCRANTON.dmevals.local,4624,0x0,0x4,0.0,0x3e7,-,-,SYSTEM,,,,,False,True
C:\Windows\System32\services.exe,SCRANTON$,2020-05-02 03:19:27.176000+00:00,wec.internal.cloudapp.net,SCRANTON.dmevals.local,4624,0x3e7,0x2e0,5.0,0x3e7,-,-,SYSTEM,,,,,False,True
C:\Windows\System32\wininit.exe,SCRANTON$,2020-05-02 03:19:27.219000+00:00,wec.internal.cloudapp.net,SCRANTON.dmevals.local,4624,0x3e7,0x25c,2.0,0x828e,-,-,UMFD-0,,,,,False,False
C:\Windows\System32\winlogon.exe,SCRANTON$,2020-05-02 03:19:27.221000+00:00,wec.internal.cloudapp.net,SCRANTON.dmevals.local,4624,0x3e7,0x2b0,2.0,0x834a,-,-,UMFD-1,,,,,False,False
C:\Windows\System32\services.exe,SCRANTON$,2020-05-02 03:19:28.216000+00:00,wec.internal.cloudapp.net,SCRANTON.dmevals.local,4624,0x3e7,0x2e0,5.0,0x3e7,-,-,SYSTEM,,,,,False,True
C:\Windows\System32\services.exe,SCRANTON$,2020-05-02 03:19:28.224000+00:00,wec.internal.cloudapp.net,SCRANTON.dmevals.local,4624,0x3e7,0x2e0,5.0,0x3e4,-,-,NETWORK SERVICE,,,,,False,True
C:\Windows\System32\services.exe,SCRANTON$,2020-05-02 03:19:28.236000+00:00,wec.internal.cloudapp.net,SCRANTON.dmevals.local,4624,0x3e7,0x2e0,5.0,0x3e7,-,-,SYSTEM,,,,,False,True
C:\Windows\System32\winlogon.exe,SCRANTON$,2020-05-02 03:19:28.255000+00:00,wec.internal.cloudapp.net,SCRANTON.dmevals.local,4624,0x3e7,0x2b0,2.0,0xdd9b,-,-,DWM-1,,,,,False,True
C:\Windows\System32\winlogon.exe,SCRANTON$,2020-05-02 03:19:28.256000+00:00,wec.internal.cloudapp.net,SCRANTON.dmevals.local,4624,0x3e7,0x2b0,2.0,0xddb8,-,-,DWM-1,,,,,False,True
C:\Windows\System32\services.exe,SCRANTON$,2020-05-02 03:19:28.278000+00:00,wec.internal.cloudapp.net,SCRANTON.dmevals.local,4624,0x3e7,0x2e0,5.0,0x3e5,-,-,LOCAL SERVICE,,,,,False,True
C:\Windows\System32\services.exe,SCRANTON$,2020-05-02 03:19:28.283000+00:00,wec.internal.cloudapp.net,SCRANTON.dmevals.local,4624,0x3e7,0x2e0,5.0,0x3e7,-,-,SYSTEM,,,,,False,True
-,-,2020-05-02 02:55:56.721000+00:00,wec.internal.cloudapp.net,NEWYORK.dmevals.local,4624,0x0,0x0,3.0,0x58f45b,-,::1,NEWYORK$,,,,,True,True
-,-,2020-05-02 02:56:48.674000+00:00,wec.internal.cloudapp.net,NEWYORK.dmevals.local,4624,0x0,0x0,3.0,0x590f95,-,fe80::e40c:95b6:b0a7:6429,NEWYORK$,,,,,True,True
-,-,2020-05-02 02:56:48.674000+00:00,wec.internal.cloudapp.net,NEWYORK.dmevals.local,4624,0x0,0x0,3.0,0x5910b7,-,::1,NEWYORK$,,,,,True,True
-,-,2020-05-02 02:56:48.675000+00:00,wec.internal.cloudapp.net,NEWYORK.dmevals.local,4624,0x0,0x0,3.0,0x591102,-,10.0.0.4,NEWYORK$,,,,,True,True
-,-,2020-05-02 02:56:48.680000+00:00,wec.internal.cloudapp.net,NEWYORK.dmevals.local,4624,0x0,0x0,3.0,0x59117a,-,fe80::e40c:95b6:b0a7:6429,NEWYORK$,,,,,True,True
C:\Windows\System32\services.exe,SCRANTON$,2020-05-02 03:20:47.252000+00:00,wec.internal.cloudapp.net,SCRANTON.dmevals.local,4624,0x3e7,0x2e0,5.0,0x3e7,-,-,SYSTEM,,,,,False,True
-,-,2020-05-02 03:20:47.252000+00:00,wec.internal.cloudapp.net,SCRANTON.dmevals.local,4624,0x0,0x0,3.0,0x11a4e7,10.0.1.4,172.18.39.2,pbeesly,,,,,True,True
C:\Windows\System32\winlogon.exe,SCRANTON$,2020-05-02 03:20:47.620000+00:00,wec.internal.cloudapp.net,SCRANTON.dmevals.local,4624,0x3e7,0x14dc,2.0,0x12106a,-,-,UMFD-2,,,,,False,False
C:\Windows\System32\winlogon.exe,SCRANTON$,2020-05-02 03:20:47.894000+00:00,wec.internal.cloudapp.net,SCRANTON.dmevals.local,4624,0x3e7,0x14dc,2.0,0x121a19,-,-,DWM-2,,,,,False,True
C:\Windows\System32\winlogon.exe,SCRANTON$,2020-05-02 03:20:47.895000+00:00,wec.internal.cloudapp.net,SCRANTON.dmevals.local,4624,0x3e7,0x14dc,2.0,0x121a62,-,-,DWM-2,,,,,False,True
-,-,2020-05-02 03:20:47.898000+00:00,wec.internal.cloudapp.net,NEWYORK.dmevals.local,4624,0x0,0x0,3.0,0x62082a,-,10.0.1.4,pbeesly,,,,,True,False
C:\Windows\System32\services.exe,SCRANTON$,2020-05-02 03:20:47.898000+00:00,wec.internal.cloudapp.net,SCRANTON.dmevals.local,4624,0x3e7,0x2e0,5.0,0x3e7,-,-,SYSTEM,,,,,False,True
C:\Windows\System32\services.exe,SCRANTON$,2020-05-02 03:20:48.152000+00:00,wec.internal.cloudapp.net,SCRANTON.dmevals.local,4624,0x3e7,0x2e0,5.0,0x3e7,-,-,SYSTEM,,,,,False,True
-,-,2020-05-02 03:20:48.425000+00:00,wec.internal.cloudapp.net,NEWYORK.dmevals.local,4624,0x0,0x0,3.0,0x620882,-,10.0.1.4,SCRANTON$,,,,,True,False
-,-,2020-05-02 03:20:48.426000+00:00,wec.internal.cloudapp.net,NEWYORK.dmevals.local,4624,0x0,0x0,3.0,0x620896,-,10.0.1.4,pbeesly,,,,,True,False
C:\Windows\System32\svchost.exe,SCRANTON$,2020-05-02 03:20:49.428000+00:00,wec.internal.cloudapp.net,SCRANTON.dmevals.local,4624,0x3e7,0x594,10.0,0x1305dc,SCRANTON,172.18.39.2,pbeesly,,,,,True,True
C:\Windows\System32\svchost.exe,SCRANTON$,2020-05-02 03:20:49.429000+00:00,wec.internal.cloudapp.net,SCRANTON.dmevals.local,4624,0x3e7,0x594,10.0,0x13069a,SCRANTON,172.18.39.2,pbeesly,,,,,True,False
C:\Windows\System32\services.exe,SCRANTON$,2020-05-02 03:20:50.603000+00:00,wec.internal.cloudapp.net,SCRANTON.dmevals.local,4624,0x3e7,0x2e0,5.0,0x3e7,-,-,SYSTEM,,,,,False,True
C:\Windows\System32\services.exe,SCRANTON$,2020-05-02 03:20:50.615000+00:00,wec.internal.cloudapp.net,SCRANTON.dmevals.local,4624,0x3e7,0x2e0,5.0,0x3e7,-,-,SYSTEM,,,,,False,True
-,-,2020-05-02 03:20:28.858000+00:00,wec.internal.cloudapp.net,NEWYORK.dmevals.local,4624,0x0,0x0,3.0,0x61f4c6,-,10.0.1.10,WEC$,,,,,True,False
-,-,2020-05-02 03:20:45.165000+00:00,wec.internal.cloudapp.net,NEWYORK.dmevals.local,4624,0x0,0x0,3.0,0x61f6ff,-,10.0.1.6,NASHUA$,,,,,True,False
-,-,2020-05-02 03:04:56.372000+00:00,wec.internal.cloudapp.net,NEWYORK.dmevals.local,4624,0x0,0x0,3.0,0x5deba6,-,::1,NEWYORK$,,,,,True,True
-,-,2020-05-02 03:05:20.753000+00:00,wec.internal.cloudapp.net,NEWYORK.dmevals.local,4624,0x0,0x0,3.0,0x5df48c,-,10.0.1.10,WEC$,,,,,True,False
C:\Windows\System32\services.exe,NASHUA$,2020-05-02 03:05:28.238000+00:00,wec.internal.cloudapp.net,NASHUA.dmevals.local,4624,0x3e7,0x2d0,5.0,0x3e7,-,-,SYSTEM,,,,,False,True
C:\Windows\System32\services.exe,NASHUA$,2020-05-02 03:05:28.451000+00:00,wec.internal.cloudapp.net,NASHUA.dmevals.local,4624,0x3e7,0x2d0,5.0,0x3e7,-,-,SYSTEM,,,,,False,True
-,-,2020-05-02 03:01:41.950000+00:00,wec.internal.cloudapp.net,NEWYORK.dmevals.local,4624,0x0,0x0,3.0,0x5b65ff,-,-,NEWYORK$,,,,,True,True
-,-,2020-05-02 03:01:41.953000+00:00,wec.internal.cloudapp.net,NEWYORK.dmevals.local,4624,0x0,0x0,3.0,0x5b66f9,-,-,NEWYORK$,,,,,True,True
-,-,2020-05-02 03:01:41.956000+00:00,wec.internal.cloudapp.net,NEWYORK.dmevals.local,4624,0x0,0x0,3.0,0x5b67e1,-,-,NEWYORK$,,,,,True,True
-,-,2020-05-02 03:01:41.965000+00:00,wec.internal.cloudapp.net,NEWYORK.dmevals.local,4624,0x0,0x0,3.0,0x5b689e,-,-,NEWYORK$,,,,,True,True
-,-,2020-05-02 03:01:41.969000+00:00,wec.internal.cloudapp.net,NEWYORK.dmevals.local,4624,0x0,0x0,3.0,0x5b6947,-,-,NEWYORK$,,,,,True,True
-,-,2020-05-02 03:01:41.973000+00:00,wec.internal.cloudapp.net,NEWYORK.dmevals.local,4624,0x0,0x0,3.0,0x5b6988,-,-,NEWYORK$,,,,,True,True
-,-,2020-05-02 03:01:41.974000+00:00,wec.internal.cloudapp.net,NEWYORK.dmevals.local,4624,0x0,0x0,3.0,0x5b69d7,-,-,NEWYORK$,,,,,True,True
-,-,2020-05-02 03:01:41.976000+00:00,wec.internal.cloudapp.net,NEWYORK.dmevals.local,4624,0x0,0x0,3.0,0x5b6a11,-,-,NEWYORK$,,,,,True,True
-,-,2020-05-02 03:01:41.980000+00:00,wec.internal.cloudapp.net,NEWYORK.dmevals.local,4624,0x0,0x0,3.0,0x5b6a6e,-,-,NEWYORK$,,,,,True,True
-,-,2020-05-02 03:01:42.986000+00:00,wec.internal.cloudapp.net,NEWYORK.dmevals.local,4624,0x0,0x0,3.0,0x5b6b39,-,-,NEWYORK$,,,,,True,True
-,-,2020-05-02 03:01:42.987000+00:00,wec.internal.cloudapp.net,NEWYORK.dmevals.local,4624,0x0,0x0,3.0,0x5b6b86,-,-,NEWYORK$,,,,,True,True
-,-,2020-05-02 03:01:42.989000+00:00,wec.internal.cloudapp.net,NEWYORK.dmevals.local,4624,0x0,0x0,3.0,0x5b6bd8,-,-,NEWYORK$,,,,,True,True
-,-,2020-05-02 03:01:42.991000+00:00,wec.internal.cloudapp.net,NEWYORK.dmevals.local,4624,0x0,0x0,3.0,0x5b6c0f,-,-,NEWYORK$,,,,,True,True
-,-,2020-05-02 03:01:44.481000+00:00,wec.internal.cloudapp.net,SCRANTON.dmevals.local,4624,0x0,0x0,3.0,0x9d89a3,-,::1,SCRANTON$,,,,,True,True
-,-,2020-05-02 03:01:51.259000+00:00,wec.internal.cloudapp.net,NEWYORK.dmevals.local,4624,0x0,0x0,3.0,0x5c2914,-,-,NEWYORK$,,,,,True,True
-,-,2020-05-02 03:01:51.260000+00:00,wec.internal.cloudapp.net,NEWYORK.dmevals.local,4624,0x0,0x0,3.0,0x5c29c5,-,-,NEWYORK$,,,,,True,True
-,-,2020-05-02 03:01:51.260000+00:00,wec.internal.cloudapp.net,NEWYORK.dmevals.local,4624,0x0,0x0,3.0,0x5c2a05,-,-,NEWYORK$,,,,,True,True
-,-,2020-05-02 03:01:51.260000+00:00,wec.internal.cloudapp.net,NEWYORK.dmevals.local,4624,0x0,0x0,3.0,0x5c2a5c,-,-,NEWYORK$,,,,,True,True
-,-,2020-05-02 03:01:51.260000+00:00,wec.internal.cloudapp.net,NEWYORK.dmevals.local,4624,0x0,0x0,3.0,0x5c2a92,-,-,NEWYORK$,,,,,True,True
-,-,2020-05-02 03:01:51.260000+00:00,wec.internal.cloudapp.net,NEWYORK.dmevals.local,4624,0x0,0x0,3.0,0x5c2adf,-,-,NEWYORK$,,,,,True,True
-,-,2020-05-02 03:01:51.261000+00:00,wec.internal.cloudapp.net,NEWYORK.dmevals.local,4624,0x0,0x0,3.0,0x5c2b30,-,-,NEWYORK$,,,,,True,True
-,-,2020-05-02 03:01:51.261000+00:00,wec.internal.cloudapp.net,NEWYORK.dmevals.local,4624,0x0,0x0,3.0,0x5c2b7f,-,-,NEWYORK$,,,,,True,True
-,-,2020-05-02 03:01:51.261000+00:00,wec.internal.cloudapp.net,NEWYORK.dmevals.local,4624,0x0,0x0,3.0,0x5c2bd9,-,-,NEWYORK$,,,,,True,True
-,-,2020-05-02 03:01:51.261000+00:00,wec.internal.cloudapp.net,NEWYORK.dmevals.local,4624,0x0,0x0,3.0,0x5c2c0f,-,-,NEWYORK$,,,,,True,True
-,-,2020-05-02 03:01:51.261000+00:00,wec.internal.cloudapp.net,NEWYORK.dmevals.local,4624,0x0,0x0,3.0,0x5c4121,-,10.0.1.4,SCRANTON$,,,,,True,False
-,-,2020-05-02 03:01:51.550000+00:00,wec.internal.cloudapp.net,NEWYORK.dmevals.local,4624,0x0,0x0,3.0,0x5c452a,-,10.0.1.4,SCRANTON$,,,,,True,False
-,-,2020-05-02 03:01:51.550000+00:00,wec.internal.cloudapp.net,NEWYORK.dmevals.local,4624,0x0,0x0,3.0,0x5c479b,-,10.0.1.4,SCRANTON$,,,,,True,False
-,-,2020-05-02 03:01:51.550000+00:00,wec.internal.cloudapp.net,NEWYORK.dmevals.local,4624,0x0,0x0,3.0,0x5c4ce6,-,10.0.1.4,SCRANTON$,,,,,True,False
-,-,2020-05-02 03:01:51.556000+00:00,wec.internal.cloudapp.net,NEWYORK.dmevals.local,4624,0x0,0x0,3.0,0x5c69bf,-,fe80::e40c:95b6:b0a7:6429,NEWYORK$,,,,,True,True
-,-,2020-05-02 03:01:51.556000+00:00,wec.internal.cloudapp.net,NEWYORK.dmevals.local,4624,0x0,0x0,3.0,0x5c6ae2,-,::1,NEWYORK$,,,,,True,True
-,-,2020-05-02 03:01:51.556000+00:00,wec.internal.cloudapp.net,NEWYORK.dmevals.local,4624,0x0,0x0,3.0,0x5c6b2d,-,10.0.0.4,NEWYORK$,,,,,True,True
-,-,2020-05-02 03:01:51.556000+00:00,wec.internal.cloudapp.net,NEWYORK.dmevals.local,4624,0x0,0x0,3.0,0x5c6ba2,-,fe80::e40c:95b6:b0a7:6429,NEWYORK$,,,,,True,True
-,-,2020-05-02 03:01:51.558000+00:00,wec.internal.cloudapp.net,NEWYORK.dmevals.local,4624,0x0,0x0,3.0,0x5c7013,-,fe80::e40c:95b6:b0a7:6429,NEWYORK$,,,,,True,True
-,-,2020-05-02 03:01:51.871000+00:00,wec.internal.cloudapp.net,NEWYORK.dmevals.local,4624,0x0,0x0,3.0,0x5c7089,-,fe80::e40c:95b6:b0a7:6429,NEWYORK$,,,,,True,True
-,-,2020-05-02 03:01:56.029000+00:00,wec.internal.cloudapp.net,NEWYORK.dmevals.local,4624,0x0,0x0,3.0,0x5c7e64,-,::1,NEWYORK$,,,,,True,True
C:\Windows\System32\services.exe,SCRANTON$,2020-05-02 03:02:46.356000+00:00,wec.internal.cloudapp.net,SCRANTON.dmevals.local,4624,0x3e7,0x2d0,5.0,0x3e7,-,-,SYSTEM,,,,,False,True
C:\Windows\System32\services.exe,SCRANTON$,2020-05-02 03:02:47.437000+00:00,wec.internal.cloudapp.net,SCRANTON.dmevals.local,4624,0x3e7,0x2d0,5.0,0x3e7,-,-,SYSTEM,,,,,False,True
-,-,2020-05-02 03:02:55.928000+00:00,wec.internal.cloudapp.net,NEWYORK.dmevals.local,4624,0x0,0x0,3.0,0x5c9fc1,-,::1,NEWYORK$,,,,,True,True
-,-,2020-05-02 03:03:17.110000+00:00,wec.internal.cloudapp.net,NEWYORK.dmevals.local,4624,0x0,0x0,3.0,0x5cb144,-,10.0.0.4,NEWYORK$,,,,,True,True
-,-,2020-05-02 03:03:17.115000+00:00,wec.internal.cloudapp.net,NEWYORK.dmevals.local,4624,0x0,0x0,3.0,0x5cb1ae,-,10.0.0.4,NEWYORK$,,,,,True,True
C:\Windows\System32\services.exe,NEWYORK$,2020-05-02 03:03:33.329000+00:00,wec.internal.cloudapp.net,NEWYORK.dmevals.local,4624,0x3e7,0x2b8,5.0,0x3e7,-,-,SYSTEM,,,,,False,True
-,-,2020-05-02 03:03:55.564000+00:00,wec.internal.cloudapp.net,NEWYORK.dmevals.local,4624,0x0,0x0,3.0,0x5dcdfa,-,::1,NEWYORK$,,,,,True,True
-,-,2020-05-02 03:04:05.749000+00:00,wec.internal.cloudapp.net,NEWYORK.dmevals.local,4624,0x0,0x0,3.0,0x5dd594,-,10.0.1.4,pbeesly,,,,,True,False
-,-,2020-05-02 02:56:48.721000+00:00,wec.internal.cloudapp.net,NEWYORK.dmevals.local,4624,0x0,0x0,3.0,0x5918d0,-,fe80::e40c:95b6:b0a7:6429,NEWYORK$,,,,,True,True
-,-,2020-05-02 02:56:49.740000+00:00,wec.internal.cloudapp.net,NEWYORK.dmevals.local,4624,0x0,0x0,3.0,0x591949,-,fe80::e40c:95b6:b0a7:6429,NEWYORK$,,,,,True,True
-,-,2020-05-02 02:56:55.775000+00:00,wec.internal.cloudapp.net,NEWYORK.dmevals.local,4624,0x0,0x0,3.0,0x592099,-,::1,NEWYORK$,,,,,True,True
-,-,2020-05-02 02:57:56.393000+00:00,wec.internal.cloudapp.net,NEWYORK.dmevals.local,4624,0x0,0x0,3.0,0x593c07,-,::1,NEWYORK$,,,,,True,True
-,-,2020-05-02 02:58:56.326000+00:00,wec.internal.cloudapp.net,NEWYORK.dmevals.local,4624,0x0,0x0,3.0,0x595e7f,-,::1,NEWYORK$,,,,,True,True
-,-,2020-05-02 03:00:00.754000+00:00,wec.internal.cloudapp.net,NEWYORK.dmevals.local,4624,0x0,0x0,3.0,0x597b32,-,::1,NEWYORK$,,,,,True,True
-,-,2020-05-02 03:00:56.314000+00:00,wec.internal.cloudapp.net,NEWYORK.dmevals.local,4624,0x0,0x0,3.0,0x5996b3,-,::1,NEWYORK$,,,,,True,True
-,-,2020-05-02 03:01:01.347000+00:00,wec.internal.cloudapp.net,NEWYORK.dmevals.local,4624,0x0,0x0,3.0,0x599e11,-,fe80::e40c:95b6:b0a7:6429,NEWYORK$,,,,,True,True
C:\Windows\System32\services.exe,SCRANTON$,2020-05-02 03:05:30.717000+00:00,wec.internal.cloudapp.net,SCRANTON.dmevals.local,4624,0x3e7,0x2d0,5.0,0x3e7,-,-,SYSTEM,,,,,False,True
C:\Windows\System32\services.exe,SCRANTON$,2020-05-02 03:05:31.846000+00:00,wec.internal.cloudapp.net,SCRANTON.dmevals.local,4624,0x3e7,0x2d0,5.0,0x3e7,-,-,SYSTEM,,,,,False,True
-,-,2020-05-02 03:05:34.240000+00:00,wec.internal.cloudapp.net,NEWYORK.dmevals.local,4624,0x0,0x0,3.0,0x5df795,-,10.0.1.6,NASHUA$,,,,,True,False
-,-,2020-05-02 03:05:39.256000+00:00,wec.internal.cloudapp.net,NEWYORK.dmevals.local,4624,0x0,0x0,3.0,0x5e0820,-,10.0.1.4,SCRANTON$,,,,,True,False
-,-,2020-05-02 03:05:56.380000+00:00,wec.internal.cloudapp.net,NEWYORK.dmevals.local,4624,0x0,0x0,3.0,0x5e0a8f,-,::1,NEWYORK$,,,,,True,True
-,-,2020-05-02 03:06:10.962000+00:00,wec.internal.cloudapp.net,NEWYORK.dmevals.local,4624,0x0,0x0,3.0,0x5e1218,-,10.0.1.5,UTICA$,,,,,True,False
C:\Windows\System32\services.exe,NEWYORK$,2020-05-02 03:06:14.182000+00:00,wec.internal.cloudapp.net,NEWYORK.dmevals.local,4624,0x3e7,0x2b8,5.0,0x3e7,-,-,SYSTEM,,,,,False,True
-,-,2020-05-02 03:06:16.216000+00:00,wec.internal.cloudapp.net,NEWYORK.dmevals.local,4624,0x0,0x0,3.0,0x5e4071,-,fe80::e40c:95b6:b0a7:6429,NEWYORK$,,,,,True,True
-,-,2020-05-02 03:06:16.217000+00:00,wec.internal.cloudapp.net,NEWYORK.dmevals.local,4624,0x0,0x0,3.0,0x5e4144,-,::1,NEWYORK$,,,,,True,True
-,-,2020-05-02 03:06:16.218000+00:00,wec.internal.cloudapp.net,NEWYORK.dmevals.local,4624,0x0,0x0,3.0,0x5e418f,-,10.0.0.4,NEWYORK$,,,,,True,True
-,-,2020-05-02 03:08:56.558000+00:00,wec.internal.cloudapp.net,NEWYORK.dmevals.local,4624,0x0,0x0,3.0,0x5ea094,-,::1,NEWYORK$,,,,,True,True
-,-,2020-05-02 03:09:06.645000+00:00,wec.internal.cloudapp.net,NEWYORK.dmevals.local,4624,0x0,0x0,3.0,0x5ea74f,-,10.0.1.4,pbeesly,,,,,True,False
-,-,2020-05-02 03:09:06.645000+00:00,wec.internal.cloudapp.net,NEWYORK.dmevals.local,4624,0x0,0x0,3.0,0x5ea768,-,10.0.1.4,pbeesly,,,,,True,False
-,-,2020-05-02 03:09:24.801000+00:00,wec.internal.cloudapp.net,NASHUA.dmevals.local,4624,0x0,0x0,3.0,0x85aad2,-,-,pbeesly,,,,,True,True
-,-,2020-05-02 03:09:28.857000+00:00,wec.internal.cloudapp.net,NASHUA.dmevals.local,4624,0x0,0x0,3.0,0x85c6af,-,-,pbeesly,,,,,True,True
-,-,2020-05-02 03:09:29.950000+00:00,wec.internal.cloudapp.net,NASHUA.dmevals.local,4624,0x0,0x0,3.0,0x85d540,-,-,pbeesly,,,,,True,True
-,-,2020-05-02 03:09:31.085000+00:00,wec.internal.cloudapp.net,NASHUA.dmevals.local,4624,0x0,0x0,3.0,0x85f5db,-,-,pbeesly,,,,,True,True
-,-,2020-05-02 03:09:31.095000+00:00,wec.internal.cloudapp.net,NASHUA.dmevals.local,4624,0x0,0x0,3.0,0x85f67f,-,-,pbeesly,,,,,True,True
-,-,2020-05-02 03:09:56.185000+00:00,wec.internal.cloudapp.net,NEWYORK.dmevals.local,4624,0x0,0x0,3.0,0x5ebcf7,-,::1,NEWYORK$,,,,,True,True
-,-,2020-05-02 03:10:24.472000+00:00,wec.internal.cloudapp.net,NASHUA.dmevals.local,4624,0x0,0x0,3.0,0x861a79,-,10.0.1.4,pbeesly,,,,,True,True
-,-,2020-05-02 03:10:24.480000+00:00,wec.internal.cloudapp.net,NASHUA.dmevals.local,4624,0x0,0x0,3.0,0x861ac7,-,10.0.1.4,pbeesly,,,,,True,True
-,-,2020-05-02 03:10:24.481000+00:00,wec.internal.cloudapp.net,NASHUA.dmevals.local,4624,0x0,0x0,3.0,0x861ad9,-,10.0.1.4,pbeesly,,,,,True,True
-,-,2020-05-02 03:10:25.488000+00:00,wec.internal.cloudapp.net,NASHUA.dmevals.local,4624,0x0,0x0,3.0,0x861aec,-,10.0.1.4,pbeesly,,,,,True,True
-,-,2020-05-02 03:10:40.711000+00:00,wec.internal.cloudapp.net,NASHUA.dmevals.local,4624,0x0,0x0,3.0,0x864494,-,::1,NASHUA$,,,,,True,True
-,-,2020-05-02 03:10:40.711000+00:00,wec.internal.cloudapp.net,NEWYORK.dmevals.local,4624,0x0,0x0,3.0,0x5ed6cd,-,10.0.1.6,NASHUA$,,,,,True,False
-,-,2020-05-02 03:10:40.713000+00:00,wec.internal.cloudapp.net,NEWYORK.dmevals.local,4624,0x0,0x0,3.0,0x5ed6e8,-,10.0.1.6,NASHUA$,,,,,True,False
-,-,2020-05-02 03:10:40.715000+00:00,wec.internal.cloudapp.net,NEWYORK.dmevals.local,4624,0x0,0x0,3.0,0x5ed6fc,-,10.0.1.6,NASHUA$,,,,,True,False
-,-,2020-05-02 03:10:40.715000+00:00,wec.internal.cloudapp.net,NEWYORK.dmevals.local,4624,0x0,0x0,3.0,0x5ed729,-,10.0.1.6,NASHUA$,,,,,True,False
-,-,2020-05-02 03:10:56.902000+00:00,wec.internal.cloudapp.net,NEWYORK.dmevals.local,4624,0x0,0x0,3.0,0x5edf2f,-,::1,NEWYORK$,,,,,True,True
-,-,2020-05-02 03:11:02.953000+00:00,wec.internal.cloudapp.net,NEWYORK.dmevals.local,4624,0x0,0x0,3.0,0x5ee631,-,fe80::e40c:95b6:b0a7:6429,NEWYORK$,,,,,True,True
-,-,2020-05-02 03:11:20.086000+00:00,wec.internal.cloudapp.net,NASHUA.dmevals.local,4624,0x0,0x0,3.0,0x866b2c,-,10.0.1.4,pbeesly,,,,,True,True
C:\Windows\PSEXESVC.exe,NASHUA$,2020-05-02 03:11:41.263000+00:00,wec.internal.cloudapp.net,NASHUA.dmevals.local,4624,0x3e7,0x23f4,2.0,0x867797,NASHUA,-,pbeesly,,,,,False,True
C:\Windows\PSEXESVC.exe,NASHUA$,2020-05-02 03:11:41.264000+00:00,wec.internal.cloudapp.net,NASHUA.dmevals.local,4624,0x3e7,0x23f4,2.0,0x867825,NASHUA,-,pbeesly,,,,,False,False
-,-,2020-05-02 03:11:41.293000+00:00,wec.internal.cloudapp.net,NEWYORK.dmevals.local,4624,0x0,0x0,3.0,0x5efc9c,-,10.0.1.6,NASHUA$,,,,,True,False
-,-,2020-05-02 03:11:41.294000+00:00,wec.internal.cloudapp.net,NEWYORK.dmevals.local,4624,0x0,0x0,3.0,0x5efcb5,-,10.0.1.6,NASHUA$,,,,,True,False
-,-,2020-05-02 03:11:41.296000+00:00,wec.internal.cloudapp.net,NEWYORK.dmevals.local,4624,0x0,0x0,3.0,0x5efcc9,-,10.0.1.6,NASHUA$,,,,,True,False
-,-,2020-05-02 03:11:49.339000+00:00,wec.internal.cloudapp.net,NEWYORK.dmevals.local,4624,0x0,0x0,3.0,0x5efe9f,-,fe80::e40c:95b6:b0a7:6429,NEWYORK$,,,,,True,True
-,-,2020-05-02 03:11:49.340000+00:00,wec.internal.cloudapp.net,NEWYORK.dmevals.local,4624,0x0,0x0,3.0,0x5effc1,-,::1,NEWYORK$,,,,,True,True
-,-,2020-05-02 03:11:49.344000+00:00,wec.internal.cloudapp.net,NEWYORK.dmevals.local,4624,0x0,0x0,3.0,0x5f000c,-,10.0.0.4,NEWYORK$,,,,,True,True
-,-,2020-05-02 03:11:49.353000+00:00,wec.internal.cloudapp.net,NEWYORK.dmevals.local,4624,0x0,0x0,3.0,0x5f0074,-,fe80::e40c:95b6:b0a7:6429,NEWYORK$,,,,,True,True
-,-,2020-05-02 03:11:49.367000+00:00,wec.internal.cloudapp.net,NEWYORK.dmevals.local,4624,0x0,0x0,3.0,0x5f043b,-,fe80::e40c:95b6:b0a7:6429,NEWYORK$,,,,,True,True
-,-,2020-05-02 03:11:49.369000+00:00,wec.internal.cloudapp.net,NEWYORK.dmevals.local,4624,0x0,0x0,3.0,0x5f04ac,-,fe80::e40c:95b6:b0a7:6429,NEWYORK$,,,,,True,True
-,-,2020-05-02 03:11:56.429000+00:00,wec.internal.cloudapp.net,NEWYORK.dmevals.local,4624,0x0,0x0,3.0,0x5f0ac6,-,::1,NEWYORK$,,,,,True,True
-,-,2020-05-02 03:12:26.674000+00:00,wec.internal.cloudapp.net,NASHUA.dmevals.local,4624,0x0,0x0,3.0,0x86a8df,-,10.0.1.4,pbeesly,,,,,True,True
C:\Windows\PSEXESVC.exe,NASHUA$,2020-05-02 03:12:47.928000+00:00,wec.internal.cloudapp.net,NASHUA.dmevals.local,4624,0x3e7,0x1720,2.0,0x86b56b,NASHUA,-,pbeesly,,,,,False,True
C:\Windows\PSEXESVC.exe,NASHUA$,2020-05-02 03:12:47.930000+00:00,wec.internal.cloudapp.net,NASHUA.dmevals.local,4624,0x3e7,0x1720,2.0,0x86b59a,NASHUA,-,pbeesly,,,,,False,False
-,-,2020-05-02 03:12:47.942000+00:00,wec.internal.cloudapp.net,NEWYORK.dmevals.local,4624,0x0,0x0,3.0,0x5f25ea,-,10.0.1.6,NASHUA$,,,,,True,False
-,-,2020-05-02 03:12:47.943000+00:00,wec.internal.cloudapp.net,NEWYORK.dmevals.local,4624,0x0,0x0,3.0,0x5f2603,-,10.0.1.6,NASHUA$,,,,,True,False
-,-,2020-05-02 03:12:47.943000+00:00,wec.internal.cloudapp.net,NEWYORK.dmevals.local,4624,0x0,0x0,3.0,0x5f2617,-,10.0.1.6,NASHUA$,,,,,True,False
-,-,2020-05-02 03:12:56.997000+00:00,wec.internal.cloudapp.net,NEWYORK.dmevals.local,4624,0x0,0x0,3.0,0x5f286a,-,::1,NEWYORK$,,,,,True,True
-,-,2020-05-02 03:13:30.158000+00:00,wec.internal.cloudapp.net,NASHUA.dmevals.local,4624,0x0,0x0,3.0,0x86d84f,-,10.0.1.4,pbeesly,,,,,True,True
C:\Windows\PSEXESVC.exe,NASHUA$,2020-05-02 03:13:51.455000+00:00,wec.internal.cloudapp.net,NASHUA.dmevals.local,4624,0x3e7,0x2074,2.0,0x86e324,NASHUA,-,pbeesly,,,,,False,True
C:\Windows\PSEXESVC.exe,NASHUA$,2020-05-02 03:13:51.457000+00:00,wec.internal.cloudapp.net,NASHUA.dmevals.local,4624,0x3e7,0x2074,2.0,0x86e353,NASHUA,-,pbeesly,,,,,False,False
-,-,2020-05-02 03:13:51.463000+00:00,wec.internal.cloudapp.net,NEWYORK.dmevals.local,4624,0x0,0x0,3.0,0x5f42b5,-,10.0.1.6,NASHUA$,,,,,True,False
-,-,2020-05-02 03:13:51.465000+00:00,wec.internal.cloudapp.net,NEWYORK.dmevals.local,4624,0x0,0x0,3.0,0x5f42ce,-,10.0.1.6,NASHUA$,,,,,True,False
-,-,2020-05-02 03:13:51.466000+00:00,wec.internal.cloudapp.net,NEWYORK.dmevals.local,4624,0x0,0x0,3.0,0x5f42e2,-,10.0.1.6,NASHUA$,,,,,True,False
-,-,2020-05-02 03:13:56.509000+00:00,wec.internal.cloudapp.net,NEWYORK.dmevals.local,4624,0x0,0x0,3.0,0x5f470f,-,::1,NEWYORK$,,,,,True,True
C:\Windows\System32\services.exe,SCRANTON$,2020-05-02 03:14:19.039000+00:00,wec.internal.cloudapp.net,SCRANTON.dmevals.local,4624,0x3e7,0x2d0,5.0,0x3e7,-,-,SYSTEM,,,,,False,True
-,-,2020-05-02 03:06:48.538000+00:00,wec.internal.cloudapp.net,NEWYORK.dmevals.local,4624,0x0,0x0,3.0,0x5e58dc,-,fe80::e40c:95b6:b0a7:6429,NEWYORK$,,,,,True,True
-,-,2020-05-02 03:06:48.545000+00:00,wec.internal.cloudapp.net,NEWYORK.dmevals.local,4624,0x0,0x0,3.0,0x5e5911,-,fe80::e40c:95b6:b0a7:6429,NEWYORK$,,,,,True,True
-,-,2020-05-02 03:06:48.545000+00:00,wec.internal.cloudapp.net,NEWYORK.dmevals.local,4624,0x0,0x0,3.0,0x5e5a33,-,::1,NEWYORK$,,,,,True,True
-,-,2020-05-02 03:06:48.547000+00:00,wec.internal.cloudapp.net,NEWYORK.dmevals.local,4624,0x0,0x0,3.0,0x5e5a7e,-,10.0.0.4,NEWYORK$,,,,,True,True
-,-,2020-05-02 03:06:48.556000+00:00,wec.internal.cloudapp.net,NEWYORK.dmevals.local,4624,0x0,0x0,3.0,0x5e5b06,-,fe80::e40c:95b6:b0a7:6429,NEWYORK$,,,,,True,True
-,-,2020-05-02 03:06:50.557000+00:00,wec.internal.cloudapp.net,NEWYORK.dmevals.local,4624,0x0,0x0,3.0,0x5e619e,-,fe80::e40c:95b6:b0a7:6429,NEWYORK$,,,,,True,True
-,-,2020-05-02 03:06:50.562000+00:00,wec.internal.cloudapp.net,NEWYORK.dmevals.local,4624,0x0,0x0,3.0,0x5e6210,-,fe80::e40c:95b6:b0a7:6429,NEWYORK$,,,,,True,True
-,-,2020-05-02 03:06:56.587000+00:00,wec.internal.cloudapp.net,NEWYORK.dmevals.local,4624,0x0,0x0,3.0,0x5e65af,-,::1,NEWYORK$,,,,,True,True
-,-,2020-05-02 03:07:55.859000+00:00,wec.internal.cloudapp.net,NEWYORK.dmevals.local,4624,0x0,0x0,3.0,0x5e818d,-,::1,NEWYORK$,,,,,True,True
-,-,2020-05-02 03:14:22.490000+00:00,wec.internal.cloudapp.net,NEWYORK.dmevals.local,4624,0x0,0x0,3.0,0x5f4f91,-,10.0.1.6,pbeesly,,,,,True,False
-,-,2020-05-02 03:14:44.395000+00:00,wec.internal.cloudapp.net,NASHUA.dmevals.local,4624,0x0,0x0,3.0,0x890aef,-,10.0.1.4,pbeesly,,,,,True,True
-,-,2020-05-02 03:14:56.461000+00:00,wec.internal.cloudapp.net,NEWYORK.dmevals.local,4624,0x0,0x0,3.0,0x5f6351,-,::1,NEWYORK$,,,,,True,True
C:\Windows\PSEXESVC.exe,NASHUA$,2020-05-02 03:15:05.608000+00:00,wec.internal.cloudapp.net,NASHUA.dmevals.local,4624,0x3e7,0x658,2.0,0x89174e,NASHUA,-,pbeesly,,,,,False,True
C:\Windows\PSEXESVC.exe,NASHUA$,2020-05-02 03:15:05.610000+00:00,wec.internal.cloudapp.net,NASHUA.dmevals.local,4624,0x3e7,0x658,2.0,0x89177d,NASHUA,-,pbeesly,,,,,False,False
-,-,2020-05-02 03:15:05.611000+00:00,wec.internal.cloudapp.net,NEWYORK.dmevals.local,4624,0x0,0x0,3.0,0x5f6a18,-,10.0.1.6,NASHUA$,,,,,True,False
-,-,2020-05-02 03:15:05.614000+00:00,wec.internal.cloudapp.net,NEWYORK.dmevals.local,4624,0x0,0x0,3.0,0x5f6a31,-,10.0.1.6,NASHUA$,,,,,True,False
-,-,2020-05-02 03:15:05.616000+00:00,wec.internal.cloudapp.net,NEWYORK.dmevals.local,4624,0x0,0x0,3.0,0x5f6a45,-,10.0.1.6,NASHUA$,,,,,True,False
-,-,2020-05-02 03:15:56.165000+00:00,wec.internal.cloudapp.net,NEWYORK.dmevals.local,4624,0x0,0x0,3.0,0x5f7fed,-,::1,NEWYORK$,,,,,True,True
-,-,2020-05-02 03:16:43.172000+00:00,wec.internal.cloudapp.net,NEWYORK.dmevals.local,4624,0x0,0x0,3.0,0x61255f,-,-,NEWYORK$,,,,,True,True
-,-,2020-05-02 03:16:43.175000+00:00,wec.internal.cloudapp.net,NEWYORK.dmevals.local,4624,0x0,0x0,3.0,0x612668,-,-,NEWYORK$,,,,,True,True
-,-,2020-05-02 03:16:43.180000+00:00,wec.internal.cloudapp.net,NEWYORK.dmevals.local,4624,0x0,0x0,3.0,0x6126e7,-,::1,NEWYORK$,,,,,True,True
-,-,2020-05-02 03:16:43.192000+00:00,wec.internal.cloudapp.net,NEWYORK.dmevals.local,4624,0x0,0x0,3.0,0x612884,-,-,NEWYORK$,,,,,True,True
-,-,2020-05-02 03:16:43.199000+00:00,wec.internal.cloudapp.net,NEWYORK.dmevals.local,4624,0x0,0x0,3.0,0x612a32,-,-,NEWYORK$,,,,,True,True
-,-,2020-05-02 03:16:43.200000+00:00,wec.internal.cloudapp.net,NEWYORK.dmevals.local,4624,0x0,0x0,3.0,0x612afc,-,-,NEWYORK$,,,,,True,True
-,-,2020-05-02 03:16:43.204000+00:00,wec.internal.cloudapp.net,NEWYORK.dmevals.local,4624,0x0,0x0,3.0,0x612b38,-,-,NEWYORK$,,,,,True,True
-,-,2020-05-02 03:16:43.207000+00:00,wec.internal.cloudapp.net,NEWYORK.dmevals.local,4624,0x0,0x0,3.0,0x612b8f,-,-,NEWYORK$,,,,,True,True
-,-,2020-05-02 03:16:43.207000+00:00,wec.internal.cloudapp.net,NEWYORK.dmevals.local,4624,0x0,0x0,3.0,0x612bc6,-,-,NEWYORK$,,,,,True,True
-,-,2020-05-02 03:16:43.209000+00:00,wec.internal.cloudapp.net,NEWYORK.dmevals.local,4624,0x0,0x0,3.0,0x612c31,-,-,NEWYORK$,,,,,True,True
-,-,2020-05-02 03:16:43.213000+00:00,wec.internal.cloudapp.net,NEWYORK.dmevals.local,4624,0x0,0x0,3.0,0x612d1e,-,-,NEWYORK$,,,,,True,True
-,-,2020-05-02 03:16:43.214000+00:00,wec.internal.cloudapp.net,NEWYORK.dmevals.local,4624,0x0,0x0,3.0,0x612d93,-,-,NEWYORK$,,,,,True,True
-,-,2020-05-02 03:16:43.216000+00:00,wec.internal.cloudapp.net,NEWYORK.dmevals.local,4624,0x0,0x0,3.0,0x612dea,-,-,NEWYORK$,,,,,True,True
-,-,2020-05-02 03:16:43.218000+00:00,wec.internal.cloudapp.net,NEWYORK.dmevals.local,4624,0x0,0x0,3.0,0x612e23,-,-,NEWYORK$,,,,,True,True
-,-,2020-05-02 03:16:49.378000+00:00,wec.internal.cloudapp.net,NEWYORK.dmevals.local,4624,0x0,0x0,3.0,0x61741f,-,fe80::e40c:95b6:b0a7:6429,NEWYORK$,,,,,True,True
-,-,2020-05-02 03:16:49.381000+00:00,wec.internal.cloudapp.net,NEWYORK.dmevals.local,4624,0x0,0x0,3.0,0x617541,-,::1,NEWYORK$,,,,,True,True
-,-,2020-05-02 03:16:49.385000+00:00,wec.internal.cloudapp.net,NEWYORK.dmevals.local,4624,0x0,0x0,3.0,0x61758c,-,10.0.0.4,NEWYORK$,,,,,True,True
-,-,2020-05-02 03:16:49.394000+00:00,wec.internal.cloudapp.net,NEWYORK.dmevals.local,4624,0x0,0x0,3.0,0x617606,-,fe80::e40c:95b6:b0a7:6429,NEWYORK$,,,,,True,True
-,-,2020-05-02 03:16:50.408000+00:00,wec.internal.cloudapp.net,NEWYORK.dmevals.local,4624,0x0,0x0,3.0,0x617c43,-,fe80::e40c:95b6:b0a7:6429,NEWYORK$,,,,,True,True
-,-,2020-05-02 03:16:51.395000+00:00,wec.internal.cloudapp.net,NEWYORK.dmevals.local,4624,0x0,0x0,3.0,0x617cc8,-,fe80::e40c:95b6:b0a7:6429,NEWYORK$,,,,,True,True
-,-,2020-05-02 03:16:56.725000+00:00,wec.internal.cloudapp.net,NEWYORK.dmevals.local,4624,0x0,0x0,3.0,0x61804f,-,::1,NEWYORK$,,,,,True,True
-,-,2020-05-02 03:16:57.759000+00:00,wec.internal.cloudapp.net,NEWYORK.dmevals.local,4624,0x0,0x0,3.0,0x618130,-,fe80::e40c:95b6:b0a7:6429,NEWYORK$,,,,,True,True
C:\Windows\System32\services.exe,SCRANTON$,2020-05-02 03:19:29.301000+00:00,wec.internal.cloudapp.net,SCRANTON.dmevals.local,4624,0x3e7,0x2e0,5.0,0x3e7,-,-,SYSTEM,,,,,False,True
C:\Windows\System32\services.exe,SCRANTON$,2020-05-02 03:19:30.329000+00:00,wec.internal.cloudapp.net,SCRANTON.dmevals.local,4624,0x3e7,0x2e0,5.0,0x3e7,-,-,SYSTEM,,,,,False,True
C:\Windows\System32\services.exe,SCRANTON$,2020-05-02 03:19:31.374000+00:00,wec.internal.cloudapp.net,SCRANTON.dmevals.local,4624,0x3e7,0x2e0,5.0,0x3e7,-,-,SYSTEM,,,,,False,True
C:\Windows\System32\services.exe,SCRANTON$,2020-05-02 03:19:31.377000+00:00,wec.internal.cloudapp.net,SCRANTON.dmevals.local,4624,0x3e7,0x2e0,5.0,0x3e7,-,-,SYSTEM,,,,,False,True
C:\Windows\System32\services.exe,SCRANTON$,2020-05-02 03:19:31.389000+00:00,wec.internal.cloudapp.net,SCRANTON.dmevals.local,4624,0x3e7,0x2e0,5.0,0x3e7,-,-,SYSTEM,,,,,False,True
C:\Windows\System32\services.exe,SCRANTON$,2020-05-02 03:19:31.398000+00:00,wec.internal.cloudapp.net,SCRANTON.dmevals.local,4624,0x3e7,0x2e0,5.0,0x3e7,-,-,SYSTEM,,,,,False,True
C:\Windows\System32\services.exe,SCRANTON$,2020-05-02 03:19:31.414000+00:00,wec.internal.cloudapp.net,SCRANTON.dmevals.local,4624,0x3e7,0x2e0,5.0,0x3e7,-,-,SYSTEM,,,,,False,True
C:\Windows\System32\services.exe,SCRANTON$,2020-05-02 03:19:31.428000+00:00,wec.internal.cloudapp.net,SCRANTON.dmevals.local,4624,0x3e7,0x2e0,5.0,0x3e7,-,-,SYSTEM,,,,,False,True
C:\Windows\System32\services.exe,SCRANTON$,2020-05-02 03:19:32.451000+00:00,wec.internal.cloudapp.net,SCRANTON.dmevals.local,4624,0x3e7,0x2e0,5.0,0x3e7,-,-,SYSTEM,,,,,False,True
C:\Windows\System32\services.exe,SCRANTON$,2020-05-02 03:19:32.487000+00:00,wec.internal.cloudapp.net,SCRANTON.dmevals.local,4624,0x3e7,0x2e0,5.0,0x3e7,-,-,SYSTEM,,,,,False,True
C:\Windows\System32\services.exe,SCRANTON$,2020-05-02 03:19:32.499000+00:00,wec.internal.cloudapp.net,SCRANTON.dmevals.local,4624,0x3e7,0x2e0,5.0,0x3e7,-,-,SYSTEM,,,,,False,True
C:\Windows\System32\services.exe,SCRANTON$,2020-05-02 03:19:32.527000+00:00,wec.internal.cloudapp.net,SCRANTON.dmevals.local,4624,0x3e7,0x2e0,5.0,0x3e7,-,-,SYSTEM,,,,,False,True
C:\Windows\System32\services.exe,SCRANTON$,2020-05-02 03:19:32.553000+00:00,wec.internal.cloudapp.net,SCRANTON.dmevals.local,4624,0x3e7,0x2e0,5.0,0x3e7,-,-,SYSTEM,,,,,False,True
C:\Windows\System32\services.exe,SCRANTON$,2020-05-02 03:19:34.222000+00:00,wec.internal.cloudapp.net,SCRANTON.dmevals.local,4624,0x3e7,0x2e0,5.0,0x3e7,-,-,SYSTEM,,,,,False,True
C:\Windows\System32\services.exe,SCRANTON$,2020-05-02 03:19:34.241000+00:00,wec.internal.cloudapp.net,SCRANTON.dmevals.local,4624,0x3e7,0x2e0,5.0,0x3e7,-,-,SYSTEM,,,,,False,True
C:\Windows\System32\services.exe,SCRANTON$,2020-05-02 03:19:34.245000+00:00,wec.internal.cloudapp.net,SCRANTON.dmevals.local,4624,0x3e7,0x2e0,5.0,0x3e7,-,-,SYSTEM,,,,,False,True
C:\Windows\System32\services.exe,SCRANTON$,2020-05-02 03:19:34.252000+00:00,wec.internal.cloudapp.net,SCRANTON.dmevals.local,4624,0x3e7,0x2e0,5.0,0x3e7,-,-,SYSTEM,,,,,False,True
C:\Windows\System32\services.exe,SCRANTON$,2020-05-02 03:19:34.260000+00:00,wec.internal.cloudapp.net,SCRANTON.dmevals.local,4624,0x3e7,0x2e0,5.0,0x3e7,-,-,SYSTEM,,,,,False,True
C:\Windows\System32\services.exe,SCRANTON$,2020-05-02 03:19:34.340000+00:00,wec.internal.cloudapp.net,SCRANTON.dmevals.local,4624,0x3e7,0x2e0,5.0,0x3e7,-,-,SYSTEM,,,,,False,True
C:\Windows\System32\services.exe,SCRANTON$,2020-05-02 03:19:35.417000+00:00,wec.internal.cloudapp.net,SCRANTON.dmevals.local,4624,0x3e7,0x2e0,5.0,0x3e7,-,-,SYSTEM,,,,,False,True
C:\Windows\System32\services.exe,SCRANTON$,2020-05-02 03:19:35.431000+00:00,wec.internal.cloudapp.net,SCRANTON.dmevals.local,4624,0x3e7,0x2e0,5.0,0x3e7,-,-,SYSTEM,,,,,False,True
C:\Windows\System32\services.exe,SCRANTON$,2020-05-02 03:19:35.444000+00:00,wec.internal.cloudapp.net,SCRANTON.dmevals.local,4624,0x3e7,0x2e0,5.0,0x3e7,-,-,SYSTEM,,,,,False,True
C:\Windows\System32\services.exe,SCRANTON$,2020-05-02 03:19:35.478000+00:00,wec.internal.cloudapp.net,SCRANTON.dmevals.local,4624,0x3e7,0x2e0,5.0,0x3e7,-,-,SYSTEM,,,,,False,True
-,-,2020-05-02 03:19:35.555000+00:00,wec.internal.cloudapp.net,NEWYORK.dmevals.local,4624,0x0,0x0,3.0,0x61d5dc,-,10.0.1.4,SCRANTON$,,,,,True,False
-,-,2020-05-02 03:19:35.558000+00:00,wec.internal.cloudapp.net,NEWYORK.dmevals.local,4624,0x0,0x0,3.0,0x61e56b,-,10.0.1.4,SCRANTON$,,,,,True,False
-,-,2020-05-02 03:19:37.795000+00:00,wec.internal.cloudapp.net,SCRANTON.dmevals.local,4624,0x0,0x0,3.0,0x2cba5,-,::1,SCRANTON$,,,,,True,True
-,-,2020-05-02 03:20:00.678000+00:00,wec.internal.cloudapp.net,SCRANTON.dmevals.local,4624,0x0,0x0,3.0,0x3c45c,-,::1,SCRANTON$,,,,,True,True
-,-,2020-05-02 03:20:16.449000+00:00,wec.internal.cloudapp.net,NEWYORK.dmevals.local,4624,0x0,0x0,3.0,0x61ea58,-,10.0.1.4,SCRANTON$,,,,,True,False
-,-,2020-05-02 03:20:17.097000+00:00,wec.internal.cloudapp.net,NEWYORK.dmevals.local,4624,0x0,0x0,3.0,0x61f0ff,-,10.0.1.4,SCRANTON$,,,,,True,False
-,-,2020-05-02 03:20:17.097000+00:00,wec.internal.cloudapp.net,NEWYORK.dmevals.local,4624,0x0,0x0,3.0,0x61f118,-,10.0.1.4,SCRANTON$,,,,,True,False
C:\Windows\System32\services.exe,SCRANTON$,2020-05-02 03:20:55.861000+00:00,wec.internal.cloudapp.net,SCRANTON.dmevals.local,4624,0x3e7,0x2e0,5.0,0x3e7,-,-,SYSTEM,,,,,False,True
-,-,2020-05-02 03:20:55.955000+00:00,wec.internal.cloudapp.net,NEWYORK.dmevals.local,4624,0x0,0x0,3.0,0x620ad5,-,::1,NEWYORK$,,,,,True,True
C:\Windows\System32\services.exe,SCRANTON$,2020-05-02 03:20:58.111000+00:00,wec.internal.cloudapp.net,SCRANTON.dmevals.local,4624,0x3e7,0x2e0,5.0,0x3e7,-,-,SYSTEM,,,,,False,True
-,-,2020-05-02 03:21:01.779000+00:00,wec.internal.cloudapp.net,NEWYORK.dmevals.local,4624,0x0,0x0,3.0,0x6211a3,-,fe80::e40c:95b6:b0a7:6429,NEWYORK$,,,,,True,True
-,-,2020-05-02 03:21:10.628000+00:00,wec.internal.cloudapp.net,NEWYORK.dmevals.local,4624,0x0,0x0,3.0,0x6212db,-,10.0.1.5,UTICA$,,,,,True,False
C:\Windows\System32\services.exe,SCRANTON$,2020-05-02 03:21:31.716000+00:00,wec.internal.cloudapp.net,SCRANTON.dmevals.local,4624,0x3e7,0x2e0,5.0,0x3e7,-,-,SYSTEM,,,,,False,True
-,-,2020-05-02 03:21:41.748000+00:00,wec.internal.cloudapp.net,NEWYORK.dmevals.local,4624,0x0,0x0,3.0,0x622927,-,10.0.1.10,WEC$,,,,,True,False
-,-,2020-05-02 03:21:41.765000+00:00,wec.internal.cloudapp.net,NEWYORK.dmevals.local,4624,0x0,0x0,3.0,0x6229c0,-,10.0.1.10,WEC$,,,,,True,False
-,-,2020-05-02 03:21:41.767000+00:00,wec.internal.cloudapp.net,NEWYORK.dmevals.local,4624,0x0,0x0,3.0,0x6229d9,-,10.0.1.10,WEC$,,,,,True,False
-,-,2020-05-02 03:21:50.042000+00:00,wec.internal.cloudapp.net,NEWYORK.dmevals.local,4624,0x0,0x0,3.0,0x622c09,-,fe80::e40c:95b6:b0a7:6429,NEWYORK$,,,,,True,True
-,-,2020-05-02 03:21:50.045000+00:00,wec.internal.cloudapp.net,NEWYORK.dmevals.local,4624,0x0,0x0,3.0,0x622d2b,-,::1,NEWYORK$,,,,,True,True
-,-,2020-05-02 03:21:50.054000+00:00,wec.internal.cloudapp.net,NEWYORK.dmevals.local,4624,0x0,0x0,3.0,0x622d76,-,10.0.0.4,NEWYORK$,,,,,True,True
-,-,2020-05-02 03:21:50.073000+00:00,wec.internal.cloudapp.net,NEWYORK.dmevals.local,4624,0x0,0x0,3.0,0x622df0,-,fe80::e40c:95b6:b0a7:6429,NEWYORK$,,,,,True,True
-,-,2020-05-02 03:21:50.094000+00:00,wec.internal.cloudapp.net,NEWYORK.dmevals.local,4624,0x0,0x0,3.0,0x623058,-,10.0.1.4,SCRANTON$,,,,,True,False
-,-,2020-05-02 03:21:50.097000+00:00,wec.internal.cloudapp.net,NEWYORK.dmevals.local,4624,0x0,0x0,3.0,0x623073,-,10.0.1.4,SCRANTON$,,,,,True,False
-,-,2020-05-02 03:21:50.099000+00:00,wec.internal.cloudapp.net,NEWYORK.dmevals.local,4624,0x0,0x0,3.0,0x623087,-,10.0.1.4,SCRANTON$,,,,,True,False
-,-,2020-05-02 03:21:51.250000+00:00,wec.internal.cloudapp.net,NEWYORK.dmevals.local,4624,0x0,0x0,3.0,0x6234ea,-,fe80::e40c:95b6:b0a7:6429,NEWYORK$,,,,,True,True
-,-,2020-05-02 03:21:51.254000+00:00,wec.internal.cloudapp.net,NEWYORK.dmevals.local,4624,0x0,0x0,3.0,0x623565,-,fe80::e40c:95b6:b0a7:6429,NEWYORK$,,,,,True,True
-,-,2020-05-02 03:21:56.036000+00:00,wec.internal.cloudapp.net,NEWYORK.dmevals.local,4624,0x0,0x0,3.0,0x623946,-,::1,NEWYORK$,,,,,True,True
-,-,2020-05-02 03:21:58.346000+00:00,wec.internal.cloudapp.net,NEWYORK.dmevals.local,4624,0x0,0x0,3.0,0x623ab6,-,10.0.1.6,NASHUA$,,,,,True,False
-,-,2020-05-02 03:21:58.368000+00:00,wec.internal.cloudapp.net,NEWYORK.dmevals.local,4624,0x0,0x0,3.0,0x623b4f,-,10.0.1.6,NASHUA$,,,,,True,False
-,-,2020-05-02 03:21:58.372000+00:00,wec.internal.cloudapp.net,NEWYORK.dmevals.local,4624,0x0,0x0,3.0,0x623b68,-,10.0.1.6,NASHUA$,,,,,True,False
C:\Windows\System32\services.exe,SCRANTON$,2020-05-02 03:22:12.171000+00:00,wec.internal.cloudapp.net,SCRANTON.dmevals.local,4624,0x3e7,0x2e0,5.0,0x3e7,-,-,SYSTEM,,,,,False,True
-,-,2020-05-02 03:22:33.677000+00:00,wec.internal.cloudapp.net,NEWYORK.dmevals.local,4624,0x0,0x0,3.0,0x6245c3,-,10.0.1.5,UTICA$,,,,,True,False
-,-,2020-05-02 03:22:33.685000+00:00,wec.internal.cloudapp.net,NEWYORK.dmevals.local,4624,0x0,0x0,3.0,0x62465b,-,10.0.1.5,UTICA$,,,,,True,False
-,-,2020-05-02 03:22:33.688000+00:00,wec.internal.cloudapp.net,NEWYORK.dmevals.local,4624,0x0,0x0,3.0,0x624674,-,10.0.1.5,UTICA$,,,,,True,False
-,-,2020-05-02 03:22:56.190000+00:00,wec.internal.cloudapp.net,NEWYORK.dmevals.local,4624,0x0,0x0,3.0,0x62603b,-,::1,NEWYORK$,,,,,True,True
-,-,2020-05-02 03:23:57.037000+00:00,wec.internal.cloudapp.net,NEWYORK.dmevals.local,4624,0x0,0x0,3.0,0x627faf,-,::1,NEWYORK$,,,,,True,True
-,-,2020-05-02 03:24:15.251000+00:00,wec.internal.cloudapp.net,NEWYORK.dmevals.local,4624,0x0,0x0,3.0,0x62881b,-,10.0.1.4,SCRANTON$,,,,,True,False
-,-,2020-05-02 03:24:15.252000+00:00,wec.internal.cloudapp.net,NEWYORK.dmevals.local,4624,0x0,0x0,3.0,0x628836,-,10.0.1.4,SCRANTON$,,,,,True,False
-,-,2020-05-02 03:24:15.253000+00:00,wec.internal.cloudapp.net,NEWYORK.dmevals.local,4624,0x0,0x0,3.0,0x62884a,-,10.0.1.4,SCRANTON$,,,,,True,False
C:\Windows\System32\services.exe,NASHUA$,2020-05-02 03:24:19.348000+00:00,wec.internal.cloudapp.net,NASHUA.dmevals.local,4624,0x3e7,0x2d0,5.0,0x3e7,-,-,SYSTEM,,,,,False,True
-,-,2020-05-02 03:24:56.579000+00:00,wec.internal.cloudapp.net,NEWYORK.dmevals.local,4624,0x0,0x0,3.0,0x629cc3,-,::1,NEWYORK$,,,,,True,True
-,-,2020-05-02 03:25:06.618000+00:00,wec.internal.cloudapp.net,NEWYORK.dmevals.local,4624,0x0,0x0,3.0,0x62a3de,-,fe80::e40c:95b6:b0a7:6429,NEWYORK$,,,,,True,True
-,-,2020-05-02 03:25:19.675000+00:00,wec.internal.cloudapp.net,NEWYORK.dmevals.local,4624,0x0,0x0,3.0,0x62a820,-,10.0.1.10,WEC$,,,,,True,False
-,-,2020-05-02 03:25:19.676000+00:00,wec.internal.cloudapp.net,NEWYORK.dmevals.local,4624,0x0,0x0,3.0,0x62a83b,-,10.0.1.10,WEC$,,,,,True,False
-,-,2020-05-02 03:25:19.676000+00:00,wec.internal.cloudapp.net,NEWYORK.dmevals.local,4624,0x0,0x0,3.0,0x62a84f,-,10.0.1.10,WEC$,,,,,True,False
-,-,2020-05-02 03:25:32.826000+00:00,wec.internal.cloudapp.net,NEWYORK.dmevals.local,4624,0x0,0x0,3.0,0x62a9e0,-,10.0.1.6,NASHUA$,,,,,True,False
-,-,2020-05-02 03:25:32.827000+00:00,wec.internal.cloudapp.net,NEWYORK.dmevals.local,4624,0x0,0x0,3.0,0x62a9fb,-,10.0.1.6,NASHUA$,,,,,True,False
-,-,2020-05-02 03:25:33.841000+00:00,wec.internal.cloudapp.net,NEWYORK.dmevals.local,4624,0x0,0x0,3.0,0x62aa0f,-,10.0.1.6,NASHUA$,,,,,True,False
-,-,2020-05-02 03:25:56.086000+00:00,wec.internal.cloudapp.net,NEWYORK.dmevals.local,4624,0x0,0x0,3.0,0x62bdda,-,::1,NEWYORK$,,,,,True,True
-,-,2020-05-02 03:26:49.584000+00:00,wec.internal.cloudapp.net,NEWYORK.dmevals.local,4624,0x0,0x0,3.0,0x62d8c4,-,fe80::e40c:95b6:b0a7:6429,NEWYORK$,,,,,True,True
-,-,2020-05-02 03:26:49.585000+00:00,wec.internal.cloudapp.net,NEWYORK.dmevals.local,4624,0x0,0x0,3.0,0x62d9e6,-,::1,NEWYORK$,,,,,True,True
-,-,2020-05-02 03:26:49.589000+00:00,wec.internal.cloudapp.net,NEWYORK.dmevals.local,4624,0x0,0x0,3.0,0x62da31,-,10.0.0.4,NEWYORK$,,,,,True,True
-,-,2020-05-02 03:26:49.598000+00:00,wec.internal.cloudapp.net,NEWYORK.dmevals.local,4624,0x0,0x0,3.0,0x62daa8,-,fe80::e40c:95b6:b0a7:6429,NEWYORK$,,,,,True,True
-,-,2020-05-02 03:26:50.626000+00:00,wec.internal.cloudapp.net,NEWYORK.dmevals.local,4624,0x0,0x0,3.0,0x62e104,-,fe80::e40c:95b6:b0a7:6429,NEWYORK$,,,,,True,True
-,-,2020-05-02 03:26:51.627000+00:00,wec.internal.cloudapp.net,NEWYORK.dmevals.local,4624,0x0,0x0,3.0,0x62e176,-,fe80::e40c:95b6:b0a7:6429,NEWYORK$,,,,,True,True
-,-,2020-05-02 03:26:57.676000+00:00,wec.internal.cloudapp.net,NEWYORK.dmevals.local,4624,0x0,0x0,3.0,0x62e505,-,::1,NEWYORK$,,,,,True,True
-,-,2020-05-02 03:27:56.994000+00:00,wec.internal.cloudapp.net,NEWYORK.dmevals.local,4624,0x0,0x0,3.0,0x6300e3,-,::1,NEWYORK$,,,,,True,True
